,Date,Unix,Ticker,Price,stock_p_change,SP500,sp500_p_change,Difference,DE Ratio,Trailing P/E,Price/Sales,Price/Book,Profit Margin,Operating Margin,Return on Assets,Return on Equity,Revenue Per Share,Market Cap,Enterprise Value,Forward P/E,PEG Ratio,Enterprise Value/Revenue,Enterprise Value/EBITDA,Revenue,Gross Profit,EBITDA,Net Income Avi to Common,Diluted EPS,Earnings Growth,Revenue Growth,Total Cash,Total Cash Per Share,Total Debt,Current Ratio,Book Value Per Share,Operating Cash Flow,Levered Free Cash Flow,Beta,Held by Insiders,Held by Institutions,Shares Short (as of,Short Ratio,Short % of Float,Shares Short (prior ,Status
0,N/A,N/A,a,N/A,N/A,N/A,N/A,N/A,56.34,35.13,6.56,8.06,18.70,22.65,9.12,24.20,21.29,41540000000.0,43110000000.0,28.57,2.77,6.69,24.26,6450000000.0,3410000000.0,1790000000.0,1200000000.0,3.94,1.70,8.10,1160000000.0,3.86,2900000000.0,2.19,17.16,1500000000.0,1130000000.0,1.06,0.24,91.29,4470000.0,1.66,1.49,4890000.0,N/A
1,N/A,N/A,aapl,N/A,N/A,N/A,N/A,N/A,170.71,29.68,7.91,40.60,26.58,30.90,19.88,145.57,22.84,29.68,29.68,29.94,3.48,7.88,22.76,378320000000.0,152840000000.0,128220000000.0,100550000000.0,6.01,20.40,11.20,63910000000.0,3.92,122800000000.0,1.04,4.40,112240000000.0,80150000000.0,1.19,0.07,59.40,111290000.0,1.21,0.68,108940000.0,N/A
2,N/A,N/A,abc,N/A,N/A,N/A,N/A,N/A,329.00,20.11,0.15,134.24,0.73,1.25,3.35,606.71,068.70,32420000000.0,35940000000.0,14.39,1.73,0.16,11.65,221100000000.0,6770000000.0,3350000000.0,1610000000.0,7.71,19.80,13.50,3170000000.0,15.15,7990000000.0,0.95,1.15,2630000000.0,1950000000.0,0.46,28.39,66.01,2130000.0,1.75,1.42,1940000.0,N/A
3,N/A,N/A,abt,N/A,N/A,N/A,N/A,N/A,53.44,30.51,4.99,5.92,16.42,21.40,7.80,20.49,24.27,211950000000.0,220710000000.0,24.88,2.26,5.12,17.97,43070000000.0,25010000000.0,12760000000.0,7040000000.0,3.94,8.00,7.20,10250000000.0,5.81,19250000000.0,1.85,20.30,10530000000.0,7680000000.0,0.75,0.74,75.41,13330000.0,2.14,0.77,10370000.0,N/A
4,N/A,N/A,acn,N/A,N/A,N/A,N/A,N/A,16.79,34.31,3.87,10.50,11.27,15.12,12.71,32.42,89.46,215790000000.0,213870000000.0,31.55,2.54,3.77,20.32,56690000000.0,16360000000.0,9510000000.0,6390000000.0,9.92,13.50,24.50,5470000000.0,8.64,3550000000.0,1.24,32.46,7520000000.0,5440000000.0,1.23,0.12,74.09,4380000.0,1.63,0.69,3650000.0,N/A
5,N/A,N/A,adbe,N/A,N/A,N/A,N/A,N/A,33.87,46.31,13.84,15.99,29.90,36.72,14.54,35.33,33.93,220270000000.0,220240000000.0,34.01,2.02,13.64,32.72,16140000000.0,13920000000.0,6520000000.0,4830000000.0,10.07,0.40,9.10,4700000000.0,9.94,4660000000.0,1.04,29.12,7230000000.0,5740000000.0,1.05,0.33,85.01,7530000.0,2.03,1.60,6420000.0,N/A
6,N/A,N/A,adi,N/A,N/A,N/A,N/A,N/A,16.71,57.69,8.88,2.38,15.18,23.74,3.45,5.18,19.35,89060000000.0,93520000000.0,20.58,1.90,11.08,32.78,8439999999.999999,4530000000.0,3450000000.0,1280000000.0,2.91,27.90,72.20,1790000000.0,3.42,6250000000.0,2.09,71.52,3160000000.0,2340000000.0,1.10,0.37,88.39,7150000.0,1.79,1.37,6870000.0,N/A
7,N/A,N/A,adm,N/A,N/A,N/A,N/A,N/A,46.47,18.34,0.58,2.20,3.18,3.45,3.47,12.76,151.15,49410000000.0,59050000000.0,16.58,24.74,0.69,12.91,85250000000.0,5990000000.0,3930000000.0,2710000000.0,4.79,13.80,28.40,989000000.0,1.76,10580000000.0,1.45,40.14,6590000000.0,1580000000.0,0.78,0.52,80.19,6220000.0,1.62,1.24,4920000.0,N/A
8,N/A,N/A,adp,N/A,N/A,N/A,N/A,N/A,68.33,34.82,6.25,18.71,17.48,22.84,4.13,50.12,37.14,94490000000.0,96090000000.0,30.21,2.78,6.29,23.15,15700000000.0,6770000000.0,4090000000.0,2740000000.0,6.46,7.20,8.90,1760000000.0,4.2,3450000000.0,1.04,12.01,3120000000.0,3920000000.0,0.83,0.09,80.53,4530000.0,2.36,1.08,5250000.0,N/A
9,N/A,N/A,adsk,N/A,N/A,N/A,N/A,N/A,360.38,99.55,11.29,57.07,11.33,16.93,5.84,54.78,19.97,48460000000.0,49760000000.0,33.00,1.95,11.34,63.97,4390000000.0,4019999999.9999995,826100000.0,497000000.0,2.24,90.20,16.60,1760000000.0,8.12,3060000000.0,0.69,3.89,1530000000.0,1300000000.0,1.46,0.21,92.93,3210000.0,1.48,1.48,4290000.0,N/A
10,N/A,N/A,aee,N/A,N/A,N/A,N/A,N/A,138.49,24.06,3.72,2.46,16.18,24.01,2.71,10.52,23.87,23810000000.0,37420000000.0,22.62,2.84,5.85,13.31,6120000000.0,2990000000.0,2620000000.0,990000000.0,3.84,8.70,16.60,0.03,0.03,13610000000.0,0.70,37.64,1660000000.0,1870000000.0,0.35,0.43,76.38,1930000.0,1.6,0.98,2340000.0,N/A
11,N/A,N/A,aep,N/A,N/A,N/A,N/A,N/A,163.84,19.90,2.95,2.22,14.82,21.09,2.63,11.45,33.55,49790000000.0,85830000000.0,19.76,3.22,5.11,12.70,16790000000.0,7660000000.0,6340000000.0,2490000000.0,4.96,23.70,12.50,623800000.0,1.24,37160000000.0,0.63,44.49,3840000000.0,3260000000.0,0.34,0.04,74.10,8870000.0,2.39,1.76,6770000.0,N/A
12,N/A,N/A,agn,N/A,N/A,N/A,N/A,N/A,,,,,,,,,,,,,,,,,,,,,,,,,,,,,,,,,,,,,N/A
13,N/A,N/A,akam,N/A,N/A,N/A,N/A,N/A,63.11,30.64,5.77,4.26,18.83,23.32,6.35,14.84,21.28,19310000000.0,21090000000.0,20.28,1.10,6.09,15.61,3460000000.0,2190000000.0,1190000000.0,651640000.0,3.93,41.60,7.00,1080000000.0,6.72,2860000000.0,2.43,28.22,1400000000.0,766390000.0,0.58,1.68,95.86,14230000.0,7.03,10.16,14020000.0,N/A
14,N/A,N/A,alxn,N/A,N/A,N/A,N/A,N/A,,,,,,,,,,,,,,,,,,,,,,,,,,,,,,,,,,,,,N/A
15,N/A,N/A,amat,N/A,N/A,N/A,N/A,N/A,48.42,19.70,5.34,10.51,27.10,32.11,19.91,56.07,26.75,124950000000.0,124970000000.0,17.15,2.09,5.17,15.45,24170000000.0,10930000000.0,8160000000.0,6550000000.0,7.18,58.60,21.50,5740000000.0,6.49,5760000000.0,2.51,13.46,6680000000.0,4190000000.0000005,1.41,0.30,80.91,10000000.0,1.26,1.14,10900000.0,N/A
16,N/A,N/A,amd,N/A,N/A,N/A,N/A,N/A,9.76,47.95,9.22,26.75,19.24,22.20,21.33,47.43,13.55,200540000000.0,197590000000.0,30.40,1.57,12.02,47.43,16430000000.0,7930000000.0,4059999999.9999995,3160000000.0,2.57,45.30,48.80,3610000000.0,3.01,732000000.0,2.02,6.21,3520000000.0,3120000000.0,1.85,0.33,52.90,27780000.0,0.24,1.71,88710000.0,N/A
17,N/A,N/A,amgn,N/A,N/A,N/A,N/A,N/A,507.15,23.50,5.33,20.08,22.68,35.94,9.40,73.16,45.58,134539999999.99998,159820000000.0,13.57,1.41,6.15,14.15,25980000000.0,19520000000.0,12580000000.0,5890000000.0,10.28,17.60,3.20,8039999999.999999,14.43,33979999999.999996,1.59,12.00,9260000000.0,7490000000.0,0.59,0.23,77.95,24470000.0,7.52,4.40,11880000.0,N/A
18,N/A,N/A,amt,N/A,N/A,N/A,N/A,N/A,573.44,44.27,12.14,22.48,27.44,38.00,3.80,37.08,20.72,114220000000.0,164280000000.0,53.19,2.81,17.56,27.23,9360000000.0,6670000000.0,5890000000.0,2570000000.0,5.66,24.20,15.20,1950000000.0,4.28,52010000000.0,0.41,11.15,4820000000.0,5010000000.0,0.46,0.32,93.44,3690000.0,1.78,0.93,3620000.0,N/A
19,N/A,N/A,amzn,N/A,N/A,N/A,N/A,N/A,100.86,52.25,3.71,12.46,7.10,5.30,4.19,28.81,928.50,52.25,52.25,58.14,3.02,3.71,23.48,469820000000.0,197480000000.0,59170000000.0,33360000000.0,64.81,98.30,9.40,96050000000.0,188.76,139440000000.0,1.14,271.60,46330000000.0,787250000.0,1.11,9.88,60.36,4230000.0,1.19,0.97,4320000.0,N/A
20,N/A,N/A,an,N/A,N/A,N/A,N/A,N/A,208.41,6.16,0.33,2.91,5.31,7.29,12.50,48.94,348.30,6920000000.0,11810000000.0,5.38,4.31,0.46,5.57,25840000000.0,4950000000.0,2080000000.0,1370000000.0,18.31,155.50,13.80,60400000.0,0.98,4950000000.0,0.92,37.97,1630000000.0,2109999999.9999998,1.40,21.07,82.92,5850000.0,6.07,14.05,5750000.0,N/A
21,N/A,N/A,ann,N/A,N/A,N/A,N/A,N/A,,,,,,,,,,,,,,,,,,,,,,,,,,,,,,,,,,,,,N/A
22,N/A,N/A,aon,N/A,N/A,N/A,N/A,N/A,900.09,58.74,6.04,65.73,10.29,29.09,6.92,55.18,54.26,69740000000.0,79330000000.0,25.06,2.08,6.51,30.76,12190000000.0,5480000000.0,3870000000.0,1260000000.0,5.55,64.70,3.90,676000000.0,3.16,10420000000.0,1.00,4.94,2180000000.0,2840000000.0,0.88,1.08,92.96,3820000.0,2.68,1.80,3500000.0,N/A
23,N/A,N/A,apc,N/A,N/A,N/A,N/A,N/A,,,,,,,,,,,,,,,,,,,,,,,,,,,,,,,,,,,,,N/A
24,N/A,N/A,apd,N/A,N/A,N/A,N/A,N/A,51.71,26.51,5.13,4.05,19.90,21.27,5.47,15.43,49.35,55950000000.0,59640000000.0,24.51,1.35,5.45,14.74,10940000000.0,3140000000.0,3660000000.0,2120000000.0,9.79,16.30,26.10,3700000000.0,16.68,7430000000.0,2.46,62.35,3350000000.0,457750000.0,0.89,0.32,85.25,2550000.0,1.51,1.15,2410000.0,N/A
25,N/A,N/A,aph,N/A,N/A,N/A,N/A,N/A,79.18,30.82,4.45,7.35,14.63,19.94,10.04,26.71,18.19,46330000000.0,49890000000.0,28.17,2.87,4.59,19.95,10880000000.0,3400000000.0,2560000000.0,1570000000.0,2.54,30.30,24.80,1240000000.0,2.07,5050000000.0,2.43,10.52,1540000000.0,803720000.0,1.27,0.56,97.52,4500000.0,1.48,0.85,5940000.0,N/A
26,N/A,N/A,atvi,N/A,N/A,N/A,N/A,N/A,22.14,23.47,7.19,3.58,30.66,37.90,8.66,16.54,11.33,62930000000.0,56110000000.0,22.17,6.00,6.37,15.12,8800000000.0,6490000000.0,3450000000.0,2700000000.0,3.44,10.80,10.30,10600000000.0,13.61,3900000000.0,5.21,22.59,2410000000.0,1990000000.0,0.54,0.29,86.66,20410000.0,2.46,2.64,19800000.0,N/A
27,N/A,N/A,avb,N/A,N/A,N/A,N/A,N/A,75.62,35.92,15.72,3.30,43.47,27.10,2.00,9.26,16.57,36090000000.0,43940000000.0,60.61,4.06,19.15,22.09,2310000000.0,1460000000.0,1380000000.0,7.19,7.19,1.70,6.10,423460000.0,3.04,8270000000.0,1.19,78.36,1200000000.0,,0.93,0.34,92.96,1710000.0,2.62,1.66,1830000.0,N/A
28,N/A,N/A,avp,N/A,N/A,N/A,N/A,N/A,,,,,,,,,,,,,,,,,,,,,,,,,,,,,,,,,,,,,N/A
29,N/A,N/A,avy,N/A,N/A,N/A,N/A,N/A,171.36,20.26,1.78,7.66,8.80,12.46,9.32,43.42,101.43,14730000000.0,17680000000.0,18.59,4.04,2.10,13.52,8410000000.0,2310000000.0,1260000000.0,740100000.0,8.83,4.60,9.70,196100000.0,2.38,3300000000.0,1.07,23.30,1050000000.0,599100000.0,1.04,0.64,91.58,1020000.0,1.71,1.41,2.72,N/A
30,N/A,N/A,bax,N/A,N/A,N/A,N/A,N/A,200.74,31.43,3.16,4.41,10.04,16.36,4.88,14.51,25.47,40010000000.0,55370000000.0,18.45,1.53,4.33,21.52,12780000000.0,5250000000.0,2980000000.0,1280000000.0,2.53,41.70,10.50,2950000000.0,5.88,18310000000.0,2.09,18.10,2220000000.0,1010000000.0,0.62,0.18,88.53,5130000.0,1.6,1.15,4770000.0,N/A
31,N/A,N/A,bbt,N/A,N/A,N/A,N/A,N/A,,,,,,,,,,,,,,,,,,,,,,,,,,,,,,,,,,,,,N/A
32,N/A,N/A,bby,N/A,N/A,N/A,N/A,N/A,130.40,10.24,0.49,7.51,4.74,5.82,10.29,64.52,209.73,22690000000.0,23640000000.0,11.20,1.44,0.46,6.03,51760000000.0,11630000000.0,3880000000.0,2450000000.0,9.84,23.30,3.40,2940000000.0,13.04,3940000000.0,0.99,13.28,3250000000.0,1830000000.0,1.53,11.44,84.59,13070000.0,3.14,6.61,13570000.0,N/A
33,N/A,N/A,bdx,N/A,N/A,N/A,N/A,N/A,72.12,46.67,3.93,3.18,8.86,15.01,3.46,7.23,69.24,76800000000.0,92310000000.0,20.92,1.92,4.63,20.37,19930000000.0,9580000000.0,5270000000.0,1680000000.0,5.76,32.50,6.00,1910000000.0,6.71,17420000000.0,1.23,84.83,3790000000.0,3190000000.0,0.66,0.78,88.97,3890000.0,2.94,1.37,4340000.0,N/A
34,N/A,N/A,ben,N/A,N/A,N/A,N/A,N/A,29.48,7.67,1.64,1.26,22.41,25.56,5.98,17.80,17.68,14550000000.0,18070000000.0,7.88,5.29,2.09,6.05,8650000000.0,3540000000.0,2520000000.0,1860000000.0,3.78,31.20,11.50,4179999999.9999995,8.32,3880000000.0,3.68,22.99,1120000000.0,720300000.0,1.19,43.10,45.19,13880000.0,4.61,4.86,11780000.0,N/A
35,N/A,N/A,biib,N/A,N/A,N/A,N/A,N/A,70.19,20.67,2.93,2.90,14.17,31.29,8.85,15.96,73.65,31590000000.0,35390000000.0,13.89,8.03,3.22,12.29,10980000000.0,8870000000.0,3920000000.0,1560000000.0,10.40,2.90,4.20,3800000000.0,25.87,7690000000.0,1.83,74.12,3640000000.0,2210000000.0,0.45,0.68,86.56,2200000.0,1.96,1.69,2540000.0,N/A
36,N/A,N/A,bks,N/A,N/A,N/A,N/A,N/A,,,,,,,,,,,,,,,,,,,,,,,,,,,,,,,,,,,,,N/A
37,N/A,N/A,blk,N/A,N/A,N/A,N/A,N/A,23.99,20.23,6.16,3.12,30.46,38.63,2.84,16.21,127.26,117570000000.0,117560000000.0,18.32,1.82,6.07,13.37,19370000000.0,9820000000.0,7900000000.0,5900000000.0,38.22,6.10,14.00,9070000000.0,59.67,9330000000.0,1.67,248.50,4940000000.0,5700000000.0,1.24,1.10,85.04,1670000.0,1.86,1.11,1580000.0,N/A
38,N/A,N/A,bll,N/A,N/A,N/A,N/A,N/A,221.36,34.30,2.18,8.05,6.36,10.38,4.72,25.01,42.37,29190000000.0,36790000000.0,22.42,2.15,2.66,18.60,13810000000.0,2730000000.0,2130000000.0,878000000.0,2.65,30.80,18.40,563000000.0,1.75,8160000000.0,0.88,11.35,1760000000.0,116120000.0,0.50,0.68,86.28,8380000.000000001,4.89,2.94,7710000.0,N/A
39,N/A,N/A,bms,N/A,N/A,N/A,N/A,N/A,,,,,,,,,,,,,,,,,,,,,,,,,,,,,,,,,,,,,N/A
40,N/A,N/A,bsx,N/A,N/A,N/A,N/A,N/A,57.30,65.00,5.41,3.86,8.76,16.90,3.99,6.52,8.36,64110000000.0,71640000000.0,25.51,1.76,6.03,28.54,11890000000.0,8240000000.0,3100000000.0,986000000.0,0.69,54.80,15.40,1920000000.0,1.35,9530000000.0,1.48,11.66,1870000000.0,2770000000.0,0.84,0.24,93.12,13820000.0,1.57,0.97,17650000.0,N/A
41,N/A,N/A,bwa,N/A,N/A,N/A,N/A,N/A,62.27,17.89,0.65,1.38,3.62,9.77,5.55,9.14,62.32,9620000000.0,12300000000.0,9.18,0.45,0.83,7.38,14840000000.0,2850000000.0,2220000000.0,537000000.0,2.24,64.00,6.90,1840000000.0,7.67,4520000000.0,1.74,28.98,1310000000.0,754500000.0,1.43,0.58,96.49,8880000.0,3.31,4.16,8800000.0,N/A
42,N/A,N/A,bxp,N/A,N/A,N/A,N/A,N/A,166.13,41.80,7.17,3.56,17.63,33.99,2.69,7.72,18.36,20760000000.0,33650000000.0,45.66,21.02,11.65,18.95,2870000000.0,1830000000.0,1680000000.0,496220000.0,3.17,689.80,11.80,452690000.0,2.89,13350000000.0,3.17,37.27,1130000000.0,959700000.0,1.11,0.18,100.80,5490000.0,6.26,4.66,5430000.0,N/A
43,N/A,N/A,cag,N/A,N/A,N/A,N/A,N/A,110.08,14.65,1.44,1.85,9.82,15.90,4.97,12.81,23.30,16020000000.0,25340000000.0,12.15,1.97,2.26,12.95,11220000000.0,3220000000.0,2120000000.0,1100000000.0,2.28,27.30,2.10,68700000.0,0.14,9640000000.0,0.93,18.09,1190000000.0,640590000.0,0.77,0.44,85.50,12760000.0,2.67,3.60,10100000.0,N/A
44,N/A,N/A,cah,N/A,N/A,N/A,N/A,N/A,563.17,29.85,0.10,15.99,0.32,1.08,2.62,37.35,596.82,15960000000.0,18440000000.0,9.99,0.59,0.11,22.17,171290000000.0,6970000000.0,2560000000.0,555000000.0,1.92,92.20,9.40,3160000000.0,11.41,5640000000.0,1.15,3.60,1490000000.0,859370000.0,0.91,0.44,87.58,2.44,2.44,2.49,6600000.0,N/A
45,N/A,N/A,cat,N/A,N/A,N/A,N/A,N/A,232.78,18.68,2.38,7.19,12.73,16.23,6.42,40.72,93.70,118450000000.0,146990000000.0,17.92,1.77,2.88,13.31,50970000000.0,13190000000.0,10540000000.0,6490000000.0,11.83,171.80,22.80,9390000000.0,17.53,38450000000.0,1.46,30.76,7200000000.0,6950000000.0,0.92,0.20,69.18,4910000.0,1.05,0.92,6430000.0,N/A
46,N/A,N/A,cbs,N/A,N/A,N/A,N/A,N/A,,,,,,,,,,,,,,,,,,,,,,,,,,,,,,,,,,,,,N/A
47,N/A,N/A,cci,N/A,N/A,N/A,N/A,N/A,327.07,68.87,12.59,9.62,17.29,31.91,3.25,13.07,14.68,79470000000.0,106190000000.0,46.95,4.05,16.75,30.73,6340000000.0,4350000000.0,3610000000.0,1160000000.0,2.53,30.50,10.80,292000000.0,0.68,27010000000.0,0.62,19.12,2730000000.0,1360000000.0,0.56,0.48,93.06,3570000.0,1.6,0.95,3910000.0,N/A
48,N/A,N/A,celg,N/A,N/A,N/A,N/A,N/A,,,,,,,,,,,,,,,,,,,,,,,,,,,,,,,,,,,,,N/A
49,N/A,N/A,cern,N/A,N/A,N/A,N/A,N/A,52.93,50.86,4.89,7.46,9.64,18.87,9.09,13.61,19.30,27450000000.0,28450000000.0,25.51,2.73,4.93,19.46,5760000000.0,4760000000.0,1550000000.0,555600000.0,1.84,23.60,4.10,842470000.0,2.87,1950000000.0,1.51,12.57,1770000000.0,1180000000.0,0.81,0.17,85.10,8750000.0,2.22,3.36,7840000.0,N/A
50,N/A,N/A,cf,N/A,N/A,N/A,N/A,N/A,61.56,23.53,3.30,6.45,14.03,34.23,11.47,21.65,30.41,20680000000.0,22770000000.0,5.13,1.20,3.48,8.74,6540000000.0,2390000000.0,3130000000.0,917000000.0,4.24,710.30,130.50,1630000000.0,7.85,3720000000.0,1.81,15.44,2870000000.0,2180000000.0,0.99,0.40,95.77,4770000.0,0.85,2.99,7180000.0,N/A
51,N/A,N/A,chrw,N/A,N/A,N/A,N/A,N/A,110.11,17.53,0.64,6.92,3.65,4.68,11.11,43.27,174.38,14000000000.0,15970000000.0,17.33,2.75,0.69,13.61,23100000000.0,1610000000.0,1150000000.0,844240000.0,6.31,55.70,42.90,257410000.00000003,2230000000.0,2230000000.0,1.44,15.65,94950000.0,93290000.0,0.76,1.19,96.09,10800000.0,6.68,11.83,10770000.0,N/A
52,N/A,N/A,cl,N/A,N/A,N/A,N/A,N/A,808.86,29.88,3.71,105.18,12.43,21.99,15.47,225.68,20.62,64050000000.0,71050000000.0,22.94,3.42,4.08,18.53,17420000000.0,10380000000.0,4390000000.0,2170000000.0,2.55,77.10,1.80,871000000.0,1.04,7850000000.0,1.09,0.73,3320000000.0,2150000000.0,0.61,0.09,80.89,9950000.0,2.14,1.26,9340000.0,N/A
53,N/A,N/A,clx,N/A,N/A,N/A,N/A,N/A,657.43,68.81,2.47,54.92,3.49,10.20,6.92,27.36,57.12,17190000000.0,20230000000.0,24.63,6.07,2.86,31.85,7080000000.0,3200000000.0,933000000.0,247000000.0,1.97,73.40,8.20,216000000.0,1.75,3230000000.0,0.67,2.55,869000000.0,367000000.0,0.22,0.85,79.48,4920000.0,3.38,4.57,5200000.0,N/A
54,N/A,N/A,cmcsa,N/A,N/A,N/A,N/A,N/A,109.44,15.72,1.91,2.25,12.17,17.89,4.73,14.48,25.39,216600000000.0,302740000000.0,13.39,0.98,2.60,8.14,116380000000.0,77940000000.0,34620000000.0,14160000000.0,3.04,9.60,9.50,8710000000.0,1.92,107260000000.0,0.85,21.20,29150000000.0,12840000000.0,0.94,0.70,85.33,69790000.0,2.96,1.55,66209999.99999999,N/A
55,N/A,N/A,cme,N/A,N/A,N/A,N/A,N/A,14.69,33.04,18.44,3.16,56.34,55.66,1.01,9.81,13.06,86580000000.0,87080000000.0,32.36,5.84,18.57,22.18,4680000000.0,4680000000.0,2990000000.0,2620000000.0,7.29,47.50,4.50,2950000000.0,8.21,4030000000.0000005,1.01,76.41,2400000000.0,2040000000.0,0.44,0.44,88.91,3970000.0,2.3,1.11,4850000.0,N/A
56,N/A,N/A,cmi,N/A,N/A,N/A,N/A,N/A,49.27,14.54,1.29,3.56,8.87,9.62,6.23,23.53,166.12,30170000000.0,31600000000.0,12.14,1.42,1.32,8.97,24020000000.0,5700000000.0,2970000000.0,2130000000.0,14.61,21.40,0.30,3190000000.0,22.38,4630000000.0,1.74,59.47,2260000000.0,923370000.0,1.04,0.40,82.96,2430000.0,1.62,1.73,2120000.0,N/A
57,N/A,N/A,cms,N/A,N/A,N/A,N/A,N/A,173.90,26.90,2.74,3.14,18.46,17.85,2.80,10.98,25.36,20140000000.0,32380000000.000004,24.21,3.20,4.42,13.29,7330000000.0,2650000000.0,2290000000.0,746000000.0,4.66,304.40,17.70,452000000.0,1.56,12500000000.0,1.19,22.11,1820000000.0,896880000.0,0.24,0.38,92.96,4210000.0,2.07,1.66,3120000.0,N/A
58,N/A,N/A,cnp,N/A,N/A,N/A,N/A,N/A,171.43,32.77,2.25,2.25,17.79,16.40,2.41,7.52,14.09,19390000000.0,34610000000.0,22.47,5.39,4.14,13.20,8350000000.0,3210000000.0,2470000000.0,573000000.0,2.28,227.00,12.70,1710000000.0,2.72,16140000000.0,1.72,13.71,22000000.0,4230000000.0000005,0.93,0.15,94.09,12660000.0,2.32,2.25,12160000.0,N/A
59,N/A,N/A,cog,N/A,N/A,N/A,N/A,N/A,,,,,,,,,,,,,,,,,,,,,,,,,,,,,,,,,,,,,N/A
60,N/A,N/A,cost,N/A,N/A,N/A,N/A,N/A,46.28,45.93,1.21,13.01,2.62,3.84,8.56,30.98,474.20,252630000000.0,249580000000.0,44.44,4.58,1.19,26.46,210220000000.0,25250000000.0,9910000000.0,5510000000.0,12.41,36.60,15.90,12300000000.0,27.74,9250000000.0,1.03,43.81,9930000000.0,5450000000.0,0.66,0.21,69.04,4090000.0,1.6,0.92,4760000.0,N/A
61,N/A,N/A,cpb,N/A,N/A,N/A,N/A,N/A,156.92,14.71,1.64,4.03,11.09,16.74,7.10,29.54,27.44,13500000000.0,18170000000.0,16.08,4.75,2.19,10.62,8300000000.000001,2810000000.0,1720000000.0,927000000.0,3.02,13.50,3.10,357000000.0,1.18,5260000000.0,0.85,11.09,1190000000.0,911120000.0,0.48,35.56,53.71,16180000.0,5.2,8.33,17370000.0,N/A
62,N/A,N/A,csco,N/A,N/A,N/A,N/A,N/A,31.93,19.95,4.57,5.86,22.94,27.35,9.28,30.08,12.25,231260000000.0,221620000000.0,16.18,2.77,4.30,13.04,51550000000.0,31890000000.0,15990000000.0,11830000000.0,2.80,16.80,6.40,21120000000.0,5.08,12610000000.0,1.42,9.52,14270000000.0,10490000000.0,0.95,0.07,75.68,41980000.0,1.93,1.01,50250000.0,N/A
63,N/A,N/A,csx,N/A,N/A,N/A,N/A,N/A,125.24,22.43,6.79,6.09,30.20,41.71,8.13,28.42,5.57,82090000000.0,96620000000.0,20.92,2.65,7.72,13.62,12520000000.0,6640000000.0,6640000000.0,3780000000.0,1.68,22.90,21.30,2320000000.0,1.06,16910000000.0,1.73,6.13,5100000000.0,2720000000.0,1.22,0.22,76.75,23170000.0,1.22,1.07,23580000.0,N/A
64,N/A,N/A,ctl,N/A,N/A,N/A,N/A,N/A,,,,,,,,,,,,,,,,,,,,,,,,,,,,,,,,,,,,,N/A
65,N/A,N/A,ctsh,N/A,N/A,N/A,N/A,N/A,13.80,22.90,2.65,4.06,11.55,15.17,10.09,18.72,35.12,48640000000.0,47560000000.0,20.53,1.60,2.57,13.95,18510000000.0,6910000000.0,3350000000.0,2140000000.0000002,4.05,82.30,14.20,2720000000.0,5.18,1660000000.0,2.08,22.84,2500000000.0,1800000000.0,1.10,0.12,94.63,6690000.0,1.95,1.28,6130000.0,N/A
66,N/A,N/A,ctxs,N/A,N/A,N/A,N/A,N/A,648.57,41.59,3.98,23.35,9.56,11.68,3.96,93.27,25.92,12780000000.0,15740000000.0,18.98,1.86,4.89,29.74,3220000000.0,2680000000.0,575730000.0,307500000.0,2.44,8.20,5.10,527179999.99999994,4.2,3550000000.0,0.73,4.38,671650000.0,881600000.0,0.03,0.77,94.46,4840000.0,1.5,5.97,3150000.0,N/A
67,N/A,N/A,d,N/A,N/A,N/A,N/A,N/A,151.73,26.61,4.92,2.70,23.55,31.70,2.83,9.94,17.29,68820000000.0,110900000000.0,20.58,3.04,7.94,15.36,13960000000.0,6810000000.0,7190000000.0,2580000000.0,3.98,96.60,10.20,283000000.0,0.35,41430000000.0,0.84,31.51,4040000000.0,3850000000.0,0.41,0.15,69.83,8510000.0,2.53,1.05,7090000.0,N/A
68,N/A,N/A,dd,N/A,N/A,N/A,N/A,N/A,41.62,24.15,2.55,1.51,38.83,16.24,2.90,5.46,30.68,40010000000.0,48780000000.0,16.42,1.59,2.93,11.67,16649999999.999998,5850000000.0,4099999999.9999995,1760000000.0,11.89,8.10,13.90,2009999999.9999998,3.92,11260000000.0,1.89,51.65,2280000000.0,11910000000.0,1.22,0.10,74.50,6800000.0,1.86,1.50,4530000.0,N/A
69,N/A,N/A,de,N/A,N/A,N/A,N/A,N/A,268.36,22.89,2.93,7.12,12.70,16.55,5.93,35.40,143.23,126680000000.0,168780000000.0,18.15,1.70,3.83,18.51,44410000000.0,12190000000.0,8250000000.0,5640000000.0,18.07,26.20,5.00,3810000000.0,12.41,47790000000.0,2.31,58.03,5030000000.0,446000000.0,0.99,0.14,78.68,2680000.0,0.96,0.87,2520000.0,N/A
70,N/A,N/A,df,N/A,N/A,N/A,N/A,N/A,,,,,,,,,,,,,,,,,,,,,,,,,,,,,,,,,,,,,N/A
71,N/A,N/A,dg,N/A,N/A,N/A,N/A,N/A,227.51,22.47,1.57,8.35,7.01,9.42,7.72,37.13,146.08,52300000000.0,66200000000.0,19.92,2.25,1.93,17.14,34220000000.0,10810000000.0,3860000000.0,2400000000.0,10.17,7.00,2.80,344830000.0,1.51,14250000000.0,1.05,27.22,2870000000.0,1300000000.0,0.58,0.28,97.49,7270000.0,3.48,3.18,8310000.000000001,N/A
72,N/A,N/A,dgx,N/A,N/A,N/A,N/A,N/A,72.74,9.09,3.36,2.62,18.49,22.67,11.06,30.92,86.30,16890000000.0,20790000000.0,15.70,41.33,1.93,6.58,10790000000.0,4240000000.0,2850000000.0,1990000000.0,15.55,32.60,8.60,872000000.0,7.3,4770000000.0,1.56,54.15,2230000000.0,1550000000.0,1.10,0.58,92.20,5830000.0,4.7,5.58,4980000.0,N/A
73,N/A,N/A,dhi,N/A,N/A,N/A,N/A,N/A,33.06,6.50,1.02,1.83,15.66,20.21,16.30,31.56,80.48,28640000000.0,31490000000.0,5.25,0.83,1.09,5.38,28890000000.0,7440000000.0,5910000000.0,4530000000.0,12.45,44.20,18.90,2350000000.0,6.64,5290000000.0,5.55,44.25,612400000.0,915650000.0,1.68,11.71,83.25,7970000.0,2.3,3.20,10410000.0,N/A
74,N/A,N/A,dhr,N/A,N/A,N/A,N/A,N/A,51.51,34.80,7.40,5.05,21.84,27.73,6.41,14.94,41.22,211630000000.0,235580000000.0,28.33,4.60,8.00,23.55,29450000000.0,18060000000.0,10340000000.0,6180000000.0,8.61,44.10,20.50,2590000000.0,3.62,23270000000.0,1.43,58.60,8359999999.999999,5480000000.0,0.78,11.14,80.63,4090000.0,1.52,0.64,5310000.0,N/A
75,N/A,N/A,dis,N/A,N/A,N/A,N/A,N/A,52.25,82.78,3.57,2.88,4.22,7.51,1.69,3.68,40.15,259220000000.00003,298910000000.0,33.33,1.12,4.10,27.71,72990000000.0,22290000000.0,10560000000.0,3150000000.0,1.68,394.10,34.30,14440000000.0,7.93,54130000000.0,1.10,49.87,5280000000.0,5870000000.0,1.17,0.13,65.90,17360000.0,1.61,0.95,21430000.0,N/A
76,N/A,N/A,disca,N/A,N/A,N/A,N/A,N/A,116.81,17.05,1.43,1.15,8.25,17.00,3.78,9.29,21.00,13370000000.0,24220000000.0,8.61,0.60,1.99,3.39,12190000000.0,7580000000.0,3660000000.0,912000000.0,1.38,86.00,10.40,4120000000.0,6.41,15650000000.0,2.10,17.70,2800000000.0,6990000000.0,1.15,2.77,111.21,45470000.0,30.52,30.52,30260000.0,N/A
77,N/A,N/A,dks,N/A,N/A,N/A,N/A,N/A,214.61,8.03,0.99,4.23,12.36,16.67,15.25,68.44,147.79,8900000000.0,10760000000.0,9.40,2.54,0.88,4.53,12290000000.0,4710000000.0,2370000000.0,1520000000.0,13.87,57.60,7.30,2640000000.0,33.1,4510000000.0,1.88,27.80,1620000000.0,1130000000.0,1.73,5.39,123.86,12690000.0,6.31,30.40,13410000.0,N/A
78,N/A,N/A,dlph,N/A,N/A,N/A,N/A,N/A,,,,,,,,,,,,,,,,,,,,,,,,,,,,,,,,,,,,,N/A
79,N/A,N/A,dltr,N/A,N/A,N/A,N/A,N/A,129.17,27.35,1.38,4.63,5.05,7.03,5.45,17.70,115.50,35700000000.0,44690000000.0,20.08,1.28,1.70,17.68,26320000000.0,7750000000.0,2570000000.0,1330000000.0,5.80,9.70,4.60,984900000.0,4.38,9970000000.0,1.34,34.29,1430000000.0,253160000.0,0.73,1.36,106.11,5840000.0,1.88,2.95,4640000.0,N/A
80,N/A,N/A,dnr,N/A,N/A,N/A,N/A,N/A,,,,,,,,,,,,,,,,,,,,,,,,,,,,,,,,,,,,,N/A
81,N/A,N/A,dov,N/A,N/A,N/A,N/A,N/A,79.04,21.03,2.99,5.60,14.21,16.58,8.38,29.67,54.94,23450000000.0,26370000000.0,18.90,1.43,3.33,14.67,7910000000.0,2980000000.0,1600000000.0,1120000000.0,7.74,99.20,11.70,385500000.0,2.68,3310000000.0,1.36,29.08,1120000000.0,744300000.0,1.39,1.12,86.20,1230000.0,1.53,0.97,1370000.0,N/A
82,N/A,N/A,dri,N/A,N/A,N/A,N/A,N/A,256.88,16.86,1.89,7.51,11.17,12.33,7.07,42.87,71.95,17160000000.0,21350000000.0,16.05,1.25,2.29,14.25,9310000000.0,1490000000.0,1490000000.0,1040000000.0,7.95,91.90,41.30,555300000.0,4.37,5870000000.0,0.70,18.00,1350000000.0,656600000.0,1.42,0.39,90.64,4200000.0,2.73,3.70,3400000.0,N/A
83,N/A,N/A,dsw,N/A,N/A,N/A,N/A,N/A,,,,,,,,,,,,,,,,,,,,,,,,,,,,,,,,,,,,,N/A
84,N/A,N/A,dte,N/A,N/A,N/A,N/A,N/A,209.47,31.85,1.69,2.91,6.06,10.10,2.22,7.38,77.53,25300000000.0,43520000000.0,21.83,3.50,2.91,15.86,14960000000.0,3340000000.0,2540000000.0,794000000.0,4.67,11.30,50.90,28000000.0,0.14,18250000000.0,0.52,44.93,3070000000.0,1450000000.0,0.65,0.65,73.43,2690000.0,2.03,1.57,1750000.0,N/A
85,N/A,N/A,dtv,N/A,N/A,N/A,N/A,N/A,,,,,,,,,,,,,,,,,,,,,,,,,,,,,,,,,,,,,N/A
86,N/A,N/A,dva,N/A,N/A,N/A,N/A,N/A,505.08,12.99,1.09,14.66,8.42,15.24,6.49,46.01,110.41,11080000000.0,22570000000.0,14.51,1.33,1.94,9.08,11620000000.0,3650000000.0,2450000000.0,978450000.0,8.90,7.90,1.30,484210000.0,5.03,11980000000.0,1.32,7.77,1930000000.0,1080000000.0,1.19,3.23,89.54,3520000.0,5.18,5.92,3550000.0,N/A
87,N/A,N/A,ea,N/A,N/A,N/A,N/A,N/A,29.45,57.77,5.70,4.76,9.83,15.30,4.72,8.22,22.83,36230000000.0,35180000000.0,17.21,20.75,5.40,26.14,6510000000.0,4130000000.0,1370000000.0,640000000.0,2.22,68.70,6.90,3020000000.0,10.73,2240000000.0,1.20,27.00,1830000000.0,1720000000.0,0.84,0.51,93.20,2720000.0,1.42,0.97,3210000.0,N/A
88,N/A,N/A,ebay,N/A,N/A,N/A,N/A,N/A,96.46,158.45,3.83,3.62,130.60,28.39,8.05,3.78,15.98,35380000000.0,37480000000.0,14.97,4.93,3.60,32.06,10420000000.0,7770000000.0,3460000000.0,252000000.0,20.52,133.00,5.40,7320000000.0,12.46,9430000000.0,1.97,16.46,2660000000.0,3400000000.0,1.15,4.24,92.51,18760000.0,1.97,3.20,21510000.0,N/A
89,N/A,N/A,ecl,N/A,N/A,N/A,N/A,N/A,126.23,46.73,4.15,7.24,8.87,14.67,5.94,17.00,44.47,52310000000.0,61100000000.0,34.72,3.16,4.80,24.56,12730000000.0,5210000000.0,2710000000.0,1130000000.0,3.91,0.20,9.80,359900000.0,1.25,9160000000.0,1.32,25.18,2060000000.0,1100000000.0,1.10,0.49,89.65,2890000.0,1.82,1.16,2490000.0,N/A
90,N/A,N/A,ed,N/A,N/A,N/A,N/A,N/A,125.23,24.29,2.39,1.65,9.84,19.66,2.67,6.06,39.25,33110000000.0,57480000000.0,21.01,5.82,4.20,13.26,13680000000.0,7670000000.0,4720000000.0,1350000000.0,3.85,420.90,15.40,992000000.0,2.8,25470000000.0,1.02,56.60,2730000000.0,1380000000.0,0.20,0.13,68.69,6650000.0,3.41,2.10,6630000.0,N/A
91,N/A,N/A,efx,N/A,N/A,N/A,N/A,N/A,150.34,40.39,6.10,8.34,15.11,23.12,6.89,21.98,40.39,29880000000.0,34950000000.0,27.70,1.51,7.10,22.06,4920000000.0,2940000000.0,1630000000.0,744200000.0,6.02,64.10,12.10,224700000.0,1.84,5410000000.0,0.49,29.36,1330000000.0,648370000.0,1.49,0.44,92.33,2360000.0,1.97,2.18,1820000.0,N/A
92,N/A,N/A,eix,N/A,N/A,N/A,N/A,N/A,166.02,34.87,1.78,1.91,5.09,21.24,2.75,4.50,39.22,26550000000.0,57670000000.0,15.36,3.19,3.87,14.44,14900000000.0,8710000000.0,5140000000.0,759000000.0,2.00,0.60,5.50,390000000.0,1.02,29530000000.0,0.64,36.57,11000000.0,4050000000.0,0.68,0.12,90.94,3960000.0,2.05,1.27,3680000.0,N/A
93,N/A,N/A,el,N/A,N/A,N/A,N/A,N/A,112.28,32.20,5.90,16.44,18.35,20.02,10.65,51.93,48.99,102190000000.0,105550000000.0,32.57,3.00,5.95,22.07,17730000000.0,12390000000.0,4250000000.0,3250000000.0,8.85,24.60,14.10,4610000000.0,12.85,7960000000.0,1.73,17.31,3500000000.0,2260000000.0,1.10,0.66,91.32,2480000.0,1.49,1.07,2580000.0,N/A
94,N/A,N/A,emn,N/A,N/A,N/A,N/A,N/A,92.79,18.19,1.49,2.57,8.18,17.82,7.39,14.58,77.66,14660000000.0,19360000000.0,11.65,2.51,1.85,10.63,10480000000.0,2500000000.0,2400000000.0,857000000.0,6.25,081.20,23.20,480000000.0,3.72,5370000000.0,1.56,44.24,1620000000.0,422250000.0,1.50,0.51,90.33,2009999.9999999998,1.55,1.79,1590000.0,N/A
95,N/A,N/A,emr,N/A,N/A,N/A,N/A,N/A,90.46,21.63,3.21,5.74,14.85,17.20,7.87,28.81,31.06,58840000000.0,63420000000.0,19.76,1.84,3.42,13.65,18550000000.0,7560000000.0,3980000000.0,2750000000.0,4.58,101.30,7.50,4730000000.0,7.96,9310000000.0,2.04,17.25,3290000000.0,2460000000.0,1.45,0.77,75.47,6670000.0,1.99,1.13,5590000.0,N/A
96,N/A,N/A,eqr,N/A,N/A,N/A,N/A,N/A,74.05,27.11,14.63,3.20,54.09,25.18,1.87,12.26,6.59,34920000000.0,43480000000.0,87.72,5.11,17.65,17.22,2460000000.0,1520000000.0,1460000000.0,1330000000.0,3.55,108.40,5.20,123830000.0,0.33,8650000000.0,0.53,29.07,1260000000.0,936950000.0,0.80,1.71,93.54,4880000.0,3.01,1.79,5600000.0,N/A
97,N/A,N/A,esv,N/A,N/A,N/A,N/A,N/A,,,,,,,,,,,,,,,,,,,,,,,,,,,,,,,,,,,,,N/A
98,N/A,N/A,etfc,N/A,N/A,N/A,N/A,N/A,,,,,,,,,,,,,,,,,,,,,,,,,,,,,,,,,,,,,N/A
99,N/A,N/A,etn,N/A,N/A,N/A,N/A,N/A,55.41,29.50,3.22,3.84,10.92,12.84,4.78,13.66,49.23,62940000000.0,71290000000.0,21.01,2.35,3.63,17.99,19630000000.0,6330000000.0,3440000000.0,2140000000.0000002,5.34,16.00,2.40,590000000.0,1.48,9110000000.0,1.04,41.16,2160000000.0,3710000000.0,1.21,0.30,82.84,3980000.0,1.8,1.00,3090000.0,N/A
100,N/A,N/A,etr,N/A,N/A,N/A,N/A,N/A,229.49,21.01,2.00,2.04,9.52,17.21,2.15,9.68,58.44,23680000000.0,50390000000.0,18.48,3.08,4.29,11.48,11740000000.0,4880000000.0,3960000000.0,1120000000.0,5.54,33.30,14.90,442560000.0,2.18,27370000000.0,0.58,57.42,2300000000.0,4350000000.0,0.62,0.35,89.92,3600000.0,2.75,2.01,3370000.0,N/A
101,N/A,N/A,ew,N/A,N/A,N/A,N/A,N/A,11.83,49.05,14.08,12.43,28.73,30.32,12.60,28.88,8.40,72540000000.0,71760000000.0,45.66,3.63,13.71,38.68,5230000000.0,3980000000.0,1720000000.0,1500000000.0,2.38,8.30,11.60,1470000000.0,2.35,690300000.0,3.08,9.35,1730000000.0,1010000000.0,1.15,0.76,86.18,4460000.0,1.78,0.72,6320000.0,N/A
102,N/A,N/A,exc,N/A,N/A,N/A,N/A,N/A,125.04,27.01,1.27,1.34,4.69,12.17,2.11,5.25,37.13,46060000000.0,87290000000.0,20.62,2.20,2.40,7.69,36350000000.0,10180000000.0,9450000000.0,1710000000.0,1.74,8.90,18.70,1180000000.0,1.21,43510000000.0,0.87,35.13,3010000000.0,735250000.0,0.57,0.18,82.08,13640000.0,1.53,1.39,13120000.0,N/A
103,N/A,N/A,fast,N/A,N/A,N/A,N/A,N/A,20.93,36.86,5.66,11.16,15.39,20.25,18.42,32.03,10.46,33950000000.000004,34350000000.0,33.11,3.13,5.71,24.74,6010000000.0,2780000000.0,1390000000.0,925000000.0,1.60,17.90,12.80,236200000.0,0.41,636800000.0,4.19,5.29,770100000.0,460310000.0,1.28,0.20,79.13,12110000.0,3.26,2.39,14040000.0,N/A
104,N/A,N/A,fb,N/A,N/A,N/A,N/A,N/A,11.57,16.69,5.57,5.01,33.38,39.65,17.97,31.10,41.89,625670000000.0,591540000000.0,17.70,1.25,5.02,10.81,117930000000.0,95280000000.0,54720000000.0,39370000000.0,13.77,8.30,19.90,48000000000.0,17.63,14450000000.0,3.15,44.30,57680000000.0,28810000000.0,1.39,0.53,79.15,33220000.0,0.93,1.45,31820000.0,N/A
105,N/A,N/A,fdx,N/A,N/A,N/A,N/A,N/A,152.30,12.51,0.69,2.52,5.60,9.00,6.18,22.09,346.30,61830000000.0,93120000000.0,10.53,0.91,1.02,7.85,91680000000.0,23730000000.0,12180000000.0,5130000000.0,19.09,24.70,9.90,6060000000.0,23.4,37350000000.0,1.39,94.63,9070000000.0,2910000000.0,1.31,7.64,73.65,2830000.0,1.18,1.18,4380000.0,N/A
106,N/A,N/A,fe,N/A,N/A,N/A,N/A,N/A,278.55,20.03,2.23,2.99,11.72,20.37,3.10,15.57,20.08,25950000000.0,48350000000.0,18.94,4.83,4.34,11.44,10940000000.0,7420000000.0,3560000000.0,1240000000.0,2.35,76.40,5.00,1460000000.0,2.56,24160000000.0,0.73,15.21,2810000000.0,302880000.0,0.33,0.07,85.02,14050000.0,2.66,2.78,13950000.0,N/A
107,N/A,N/A,ffiv,N/A,N/A,N/A,N/A,N/A,29.05,39.62,5.01,5.44,12.65,16.80,5.61,14.03,44.03,13090000000.0,12930000000.0,20.62,1.28,4.85,25.04,2670000000.0,2120000000.0,565860000.0,337120000.0,5.44,6.70,10.00,858950000.0,14.14,698710000.0,1.18,39.62,598200000.0,550330000.0,1.11,0.40,97.03,2060000.0,3.96,3.84,2120000.0,N/A
108,N/A,N/A,fis,N/A,N/A,N/A,N/A,N/A,43.92,152.22,4.56,1.31,3.01,9.37,0.97,0.87,22.53,62170000000.0,81040000000.0,13.99,1.12,5.84,16.14,13880000000.0,5200000000.0,3940000000.0,417000000.0,0.67,179.80,10.70,2009999999.9999998,3.3,20880000000.0,0.74,77.75,4810000000.0,3740000000.0,0.74,0.25,93.46,4740000.0,0.98,0.78,5870000.0,N/A
109,N/A,N/A,fisv,N/A,N/A,N/A,N/A,N/A,68.78,51.76,4.26,2.17,8.22,14.19,1.91,4.30,24.49,67180000000.00001,87580000000.0,15.97,1.00,5.40,15.76,16230000000.0,8100000000.0,5500000000.0,1330000000.0,1.99,11.00,11.10,835000000.0,1.28,21970000000.0,1.03,47.62,4030000000.0000005,3150000000.0,0.81,0.47,93.90,11300000.0,2.72,2.00,10930000.0,N/A
110,N/A,N/A,flir,N/A,N/A,N/A,N/A,N/A,,,,,,,,,,,,,,,,,,,,,,,,,,,,,,,,,,,,,N/A
111,N/A,N/A,fls,N/A,N/A,N/A,N/A,N/A,81.76,36.71,1.30,2.55,3.56,8.06,3.54,7.57,27.17,4600000000.0,5440000000.0,19.19,1.92,1.54,18.69,3540000000.0,1070000000.0000001,385180000.0,125950000.0,0.96,70.20,6.70,658450000.0,5.05,1500000000.0,2.11,13.88,250120000.0,256010000.0,1.60,0.40,100.13,3550000.0,1.97,4.32,4059999.9999999995,N/A
112,N/A,N/A,fmc,N/A,N/A,N/A,N/A,N/A,109.31,20.98,3.35,5.43,14.60,22.86,6.94,26.58,39.29,16450000000.0,19780000000.0,17.21,1.78,3.92,16.54,5050000000.0,2170000000.0,1320000000.0,802900000.0,5.70,290.10,22.70,520500000.0,4.14,3340000000.0,1.40,24.12,820100000.0,676370000.0,0.84,1.07,90.71,1890000.0,1.92,1.69,2130000.0,N/A
113,N/A,N/A,frx,N/A,N/A,N/A,N/A,N/A,,,,,,,,,,,,,,,,,,,,,,,,,,,,,,,,,,,,,N/A
114,N/A,N/A,fslr,N/A,N/A,N/A,N/A,N/A,6.69,19.31,3.09,1.51,16.03,15.38,3.87,8.16,27.51,8990000000.0,7570000000.0,303.03,25.90,2.59,8.95,2920000000.0,740150000.0,709570000.0,468690000.0,4.38,13.50,48.90,1830000000.0,17.17,398590000.0,4.39,56.05,237560000.0,166020000.0,1.37,12.00,80.55,4250000.0,1.79,4.57,4139999.9999999995,N/A
115,N/A,N/A,ftr,N/A,N/A,N/A,N/A,N/A,,,,,,,,,,,,,,,,,,,,,,,,,,,,,,,,,,,,,N/A
116,N/A,N/A,gd,N/A,N/A,N/A,N/A,N/A,74.68,20.87,1.77,3.80,8.47,11.39,5.40,19.56,137.18,67060000000.0,78630000000.0,19.88,2.41,2.04,15.14,38470000000.0,6410000000.0,5270000000.0,3260000000.0,11.55,5.00,1.80,1600000000.0,5.78,13180000000.0,1.43,63.67,4250000000.0,2940000000.0,0.99,6.07,86.53,2370000.0,1.15,1.04,2350000.0,N/A
117,N/A,N/A,gild,N/A,N/A,N/A,N/A,N/A,126.73,12.28,2.80,3.61,22.80,40.91,10.24,31.57,21.74,76010000000.0,96190000000.0,9.22,0.51,3.52,8.49,27310000000.0,21780000000.0,13220000000.0,6220000000.0,4.93,75.40,2.40,7410000000.0,5.91,26700000000.0,1.27,16.80,11380000000.0,9930000000.0,0.42,0.10,83.22,14840000.0,1.13,1.18,22240000.0,N/A
118,N/A,N/A,gm,N/A,N/A,N/A,N/A,N/A,168.04,6.90,0.53,1.13,7.89,9.00,2.98,17.22,87.53,67220000000.0,148930000000.0,6.61,1.58,1.17,5.79,127000000000.0,18080000000.0,16890000000.0,9840000000.0,6.70,38.80,10.50,24680000000.0,16.98,110590000000.0,1.10,39.83,15190000000.0,8250000000.0,1.23,4.93,84.45,29200000.0,1.58,2.01,26500000.0,N/A
119,N/A,N/A,gpc,N/A,N/A,N/A,N/A,N/A,99.31,20.91,1.00,5.30,4.76,6.74,5.72,26.74,131.56,18490000000.0,20980000000.0,17.01,1.66,1.11,13.50,18870000000.0,6630000000.0,1560000000.0,898790000.0,6.23,49.50,13.00,714700000.0,5.03,3480000000.0,1.18,24.55,1260000000.0,726590000.0,1.11,2.04,78.48,1550000.0,1.84,1.26,1350000.0,N/A
120,N/A,N/A,grmn,N/A,N/A,N/A,N/A,N/A,1.48,21.64,4.70,3.83,21.72,24.46,10.23,18.61,25.93,23400000000.0,21630000000.0,20.62,1.86,4.34,15.75,4980000000.0,2890000000.0,1370000000.0,1080000000.0,5.61,14.20,3.00,1850000000.0,9.58,90550000.0,2.94,31.74,1010000000.0,389230000.0,1.02,20.38,54.30,2600000.0,1.39,1.71,3110000.0,N/A
121,N/A,N/A,gtn,N/A,N/A,N/A,N/A,N/A,283.63,56.12,0.88,1.22,3.73,20.68,3.33,3.74,25.40,2130000000.0,9410000000.0,3.88,0.39,3.90,14.90,2410000000.0,806000000.0,720000000.0,38000000.0,0.40,87.10,9.00,189000000.0,2.02,6830000000.0,2.51,18.85,300000000.0,138750000.0,1.75,13.63,82.73,4800000.0,7.81,5.72,3970000.0,N/A
122,N/A,N/A,gww,N/A,N/A,N/A,N/A,N/A,127.87,26.15,2.08,14.15,8.01,12.05,15.22,52.39,250.91,26520000000.0,29040000000.0,21.32,1.87,2.23,16.53,13020000000.0,4720000000.0,1750000000.0,1040000000.0,19.84,68.50,14.20,241000000.0,4.72,2760000000.0,2.62,36.59,937000000.0,548250000.0,1.25,9.58,72.72,3.07,3.07,2.31,6.48,N/A
123,N/A,N/A,har,N/A,N/A,N/A,N/A,N/A,,,,,,,,,,,,,,,,,,,,,,,,,,,,,,,,,,,,,N/A
124,N/A,N/A,has,N/A,N/A,N/A,N/A,N/A,136.10,27.88,1.86,3.97,6.68,13.68,5.26,14.40,46.53,12010000000.0,15050000000.0,15.72,2.80,2.34,9.01,6420000000.0,3240000000.0,1160000000.0,428700000.0,3.10,21.90,16.90,983400000.0,7.08,4200000000.0,1.52,21.89,817900000.0,1280000000.0,0.98,6.00,84.74,6570000.0,5.3,5.77,6420000.0,N/A
125,N/A,N/A,hon,N/A,N/A,N/A,N/A,N/A,107.18,24.97,4.02,7.29,16.11,21.73,7.24,30.29,49.68,135410000000.0,144520000000.0,23.09,2.05,4.20,16.42,34390000000.0,11000000000.0,8700000000.0,5540000000.0,7.91,5.10,2.70,11520000000.0,16.8,20630000000.0,1.30,27.12,6040000000.0,5110000000.0,1.15,0.09,75.54,5320000.0,1.32,0.78,5890000.0,N/A
126,N/A,N/A,hrl,N/A,N/A,N/A,N/A,N/A,46.76,30.01,2.32,3.89,7.74,10.01,6.57,13.56,22.09,27640000000.0,30110000000.0,26.04,3.50,2.52,20.78,11970000000.0,1960000000.0,1440000000.0,926130000.0,1.69,7.80,23.70,846630000.0,1.55,3320000000.0,2.19,13.08,1180000000.0,569480000.0,0.09,47.30,42.22,11520000.0,4.61,4.01,10800000.0,N/A
127,N/A,N/A,hrs,N/A,N/A,N/A,N/A,N/A,,,,,,,,,,,,,,,,,,,,,,,,,,,,,,,,,,,,,N/A
128,N/A,N/A,hsy,N/A,N/A,N/A,N/A,N/A,194.98,30.20,4.97,15.98,16.47,22.83,13.10,59.37,43.40,44070000000.0,49120000000.0,27.10,4.53,5.48,21.91,8970000000.0,4050000000.0,2360000000.0,1480000000.0,7.11,15.20,6.40,329270000.0,1.6,5380000000.0,0.90,13.38,2080000000.0,1170000000.0,0.39,0.22,77.46,1980000.0,1.79,1.53,1890000.0,N/A
129,N/A,N/A,ibm,N/A,N/A,N/A,N/A,N/A,290.27,25.32,2.08,6.28,10.01,10.06,2.51,23.73,64.01,118650000000.0,166540000000.0,12.92,1.26,2.90,13.42,57350000000.0,31490000000.0,12190000000.0,4710000000.0,6.35,72.10,69.20,7250000000.0,8.06,55140000000.0,0.88,21.05,12800000000.0,4740000000.0,1.10,0.10,57.09,23120000.0,4.7,2.57,27790000.0,N/A
130,N/A,N/A,iff,N/A,N/A,N/A,N/A,N/A,57.48,121.96,2.80,1.62,2.32,10.92,2.99,2.02,47.97,34180000000.0,45650000000.0,23.20,4.67,3.92,25.37,11660000000.0,4110000000.0000005,2430000000.0,268000000.0,1.10,34.30,138.70,711000000.0,2.79,12200000000.0,1.92,82.81,1440000000.0,769000000.0,1.05,0.09,95.72,3480000.0,1.87,1.52,4660000.0,N/A
131,N/A,N/A,intc,N/A,N/A,N/A,N/A,N/A,40.51,10.75,2.70,2.23,25.14,27.94,8.59,22.52,19.47,212760000000.0,222450000000.0,15.24,3.05,2.81,6.52,79020000000.0,43810000000.0,33869999999.999996,19870000000.0,4.86,21.10,2.80,28410000000.0,6.98,38640000000.0,2.10,23.44,29990000000.0,1480000000.0,0.55,0.07,64.98,55880000.0,1.31,1.37,59520000.0,N/A
132,N/A,N/A,intu,N/A,N/A,N/A,N/A,N/A,46.41,61.36,11.89,8.80,19.03,23.31,8.13,17.76,41.35,137270000000.00002,143090000000.0,41.84,2.34,12.54,44.87,11410000000.0,3130000000.0,3130000000.0,2170000000.0,7.78,400.00,69.60,1410000000.0,7240000000.0,7240000000.0,1.18,55.11,3160000000.0,,1.13,2.80,86.19,2060000.0,0.96,0.75,2160000.0,N/A
133,N/A,N/A,ip,N/A,N/A,N/A,N/A,N/A,65.48,16.33,0.95,1.93,9.05,8.60,3.66,13.26,49.72,17570000000.0,23950000000.0,10.18,1.40,1.24,9.07,19360000000.0,5530000000.0,2810000000.0,1120000000.0,4.47,30.10,2.90,1540000000.0,4.09,5950000000.0,1.71,23.99,2029999999.9999998,2400000000.0,0.95,0.26,86.02,9370000.0,2.22,3.23,9260000.0,N/A
134,N/A,N/A,ipg,N/A,N/A,N/A,N/A,N/A,133.12,15.56,1.45,4.16,10.46,15.94,4.78,29.29,23.17,14650000000.0,16180000000.0,14.33,7.06,1.58,9.64,9110000000.0,2150000000.0,1740000000.0,952800000.0,2.39,218.70,11.60,3270000000.0,8.3,4800000000.0,1.03,8.94,2080000000.0,1690000000.0,1.01,0.46,102.54,14300000.0,3.49,4.75,14170000.0,N/A
135,N/A,N/A,ir,N/A,N/A,N/A,N/A,N/A,38.99,40.94,4.15,2.30,10.92,12.08,2.49,5.73,12.42,20710000000.0,22070000000.0,21.83,1.39,4.28,21.58,5150000000.0,1990000000.0,1040000000.0,520900000.0,1.34,93.30,16.40,2109999999.9999998,5.17,3540000000.0,2.80,22.07,615500000.0,868190000.0,1.50,0.24,99.46,5680000.0,1.75,1.92,4530000.0,N/A
136,N/A,N/A,isrg,N/A,N/A,N/A,N/A,N/A,0.73,64.81,19.35,9.11,29.85,31.89,9.21,15.92,16.03,108480000000.0,104250000000.0,59.88,18.55,18.26,48.91,5710000000.0,3960000000.0,2130000000.0,1700000000.0,4.66,4.20,16.70,4230000000.0000005,11.83,87000000.0,5.08,33.27,2089999999.9999998,1600000000.0,1.17,1.01,86.62,3420000.0,1.68,0.96,4340000.0,N/A
137,N/A,N/A,itw,N/A,N/A,N/A,N/A,N/A,217.35,25.68,4.78,18.81,18.64,24.21,13.81,79.14,45.87,68170000000.0,74530000000.0,23.81,1.57,5.16,18.92,14460000000.0,5970000000.0,3910000000.0,2690000000.0,8.51,5.10,5.90,1530000000.0,4.88,7880000000.0,1.84,11.59,2560000000.0,1790000000.0,1.13,0.34,81.61,5330000.0,4.51,1.71,4780000.0,N/A
138,N/A,N/A,jci,N/A,N/A,N/A,N/A,N/A,50.76,30.65,1.99,2.73,6.48,13.93,5.04,9.61,33.98,47140000000.0,53990000000.0,20.58,1.44,2.23,14.40,24190000000.0,8060000000.000001,4230000000.0000005,1570000000.0,2.19,15.50,9.80,1210000000.0,1.72,9380000000.0,1.04,24.54,2400000000.0,2760000000.0,1.17,0.18,96.60,4250000.0,0.96,0.61,5500000.0,N/A
139,N/A,N/A,jcp,N/A,N/A,N/A,N/A,N/A,,,,,,,,,,,,,,,,,,,,,,,,,,,,,,,,,,,,,N/A
140,N/A,N/A,jec,N/A,N/A,N/A,N/A,N/A,,,,,,,,,,,,,,,,,,,,,,,,,,,,,,,,,,,,,N/A
141,N/A,N/A,jnj,N/A,N/A,N/A,N/A,N/A,46.95,22.76,5.07,6.31,22.26,26.92,8.84,30.41,35.63,467390000000.0,469530000000.0,16.95,2.92,5.01,15.47,93780000000.0,64019999999.99999,32640000000.0,20880000000.0,7.81,172.50,10.40,31610000000.0,12.02,34750000000.0,1.35,28.16,23410000000.0,18820000000.0,0.71,0.09,70.29,15560000.0,1.88,0.59,15360000.0,N/A
142,N/A,N/A,jnpr,N/A,N/A,N/A,N/A,N/A,43.52,49.59,2.64,2.82,5.34,9.28,3.01,5.70,14.60,12160000000.0,12750000000.0,19.01,1.59,2.69,21.31,4740000000.0,2740000000.0,676700000.0,252700000.0,0.76,331.50,6.30,1250000000.0,3.88,1880000000.0,1.58,13.42,689700000.0,476310000.0,0.88,1.34,95.80,13140000.0,3.77,5.61,13130000.0,N/A
143,N/A,N/A,jwn,N/A,N/A,N/A,N/A,N/A,800.52,25.75,0.31,7.77,1.20,3.33,3.34,40.18,93.01,4520000000.0,8840000000.0,11.19,2.05,0.60,6.89,14790000000.0,5450000000.0,1110000000.0,178000000.0,1.10,506.10,23.10,322000000.0,2.02,4650000000.0,0.96,3.64,705000000.0,394120000.0,2.35,29.41,58.65,28840000.0,2.72,22.67,24610000.0,N/A
144,N/A,N/A,k,N/A,N/A,N/A,N/A,N/A,183.80,14.75,1.55,5.83,10.49,14.26,6.99,38.08,41.55,21670000000.0,29120000000.0,15.53,2.55,2.05,10.96,14180000000.0,4600000000.0,2490000000.0,1490000000.0,4.33,111.20,1.30,300000000.0,0.88,7750000000.0,0.64,10.90,1700000000.0,1020000000.0,0.57,7.13,85.80,17570000.0,6.15,6.39,17060000.0,N/A
145,N/A,N/A,kim,N/A,N/A,N/A,N/A,N/A,75.29,15.85,9.50,1.58,61.86,33.09,1.88,10.75,2.69,15670000000.0,21730000000.0,46.95,43.48,15.93,16.16,1360000000.0,946670000.0,858540000.0,815600000.0,1.60,59.40,57.60,334660000.0,0.54,7620000000.0,2.45,16.05,618880000.0,626310000.0,1.48,2.11,95.43,17460000.0,2.35,3.46,18500000.0,N/A
146,N/A,N/A,klac,N/A,N/A,N/A,N/A,N/A,87.46,19.78,7.24,14.31,36.57,38.88,18.46,85.36,53.51,57920000000.0,58650000000.0,16.45,1.54,7.18,16.58,8170000000.0,4150000000.0000005,3510000000.0,2990000000.0,19.41,56.90,42.50,2810000000.0,18.65,3540000000.0,2.41,26.84,2790000000.0,1880000000.0,1.26,0.16,90.51,1480000.0,0.97,1.12,2260000.0,N/A
147,N/A,N/A,kmb,N/A,N/A,N/A,N/A,N/A,237.86,23.19,2.16,81.32,9.33,14.62,10.05,229.64,57.63,41800000000.0,50230000000.0,20.66,15.55,2.58,15.47,19440000000.0,6140000000.0,3590000000.0,1810000000.0,5.35,33.80,2.70,270000000.0,0.8,9120000000.0,0.82,1.53,2730000000.0,1320000000.0,0.52,0.16,76.01,8740000.0,4.61,2.60,8600000.0,N/A
148,N/A,N/A,kmi,N/A,N/A,N/A,N/A,N/A,105.43,24.22,2.58,1.39,10.74,27.33,3.99,5.74,7.33,42830000000.0,74790000000.0,16.58,4.96,4.50,11.20,16610000000.0,7750000000.0,6630000000.0,1770000000.0,0.78,4.90,42.10,1250000000.0,0.55,33650000000.0,0.66,13.59,5710000000.0,1250000000.0,0.92,12.52,60.05,32530000.0,1.63,1.67,32790000.0,N/A
149,N/A,N/A,kmx,N/A,N/A,N/A,N/A,N/A,366.51,14.30,0.59,3.28,3.92,5.30,4.36,26.01,188.21,16790000000.0,35300000000.0,14.12,0.70,1.20,16.38,30630000000.0,2940000000.0,1880000000.0,1200000000.0,7.26,14.50,61.80,62600000.0,0.39,18730000000.0,2.89,31.57,2280000000.0,771840000.0,1.49,0.31,97.87,10980000.0,7.73,7.62,9450000.0,N/A
150,N/A,N/A,ko,N/A,N/A,N/A,N/A,N/A,177.98,27.63,6.98,11.72,25.28,29.29,7.79,42.49,8.96,269459999999.99997,299600000000.0,25.19,2.75,7.75,19.36,38660000000.0,23300000000.0,12770000000.0,9770000000.0,2.25,65.80,9.90,12630000000.0,2.91,44250000000.0,1.13,5.32,12630000000.0,8300000000.000001,0.66,0.67,70.43,25130000.0,1.2,0.58,31950000.0,N/A
151,N/A,N/A,kss,N/A,N/A,N/A,N/A,N/A,145.57,9.82,0.47,1.71,4.83,8.65,6.91,19.03,133.10,7980000000.0,13180000000.0,8.68,5.75,0.68,5.69,19430000000.0,2520000000.0,2520000000.0,938000000.0,6.32,12.80,5.80,1590000000.0,12.34,6780000000.0,1.53,35.58,2270000000.0,1570000000.0,1.94,1.25,103.22,14760000.0,4.85,11.61,14390000.0,N/A
152,N/A,N/A,ksu,N/A,N/A,N/A,N/A,N/A,,,,,,,,,,,,,,,,,,,,,,,,,,,,,,,,,,,,,N/A
153,N/A,N/A,lh,N/A,N/A,N/A,N/A,N/A,61.61,11.35,1.67,2.52,14.75,21.64,10.78,24.09,166.71,25850000000.0,30720000000.0,14.37,2.07,1.91,7.52,16120000000.000002,5620000000.0,4050000000.0,2380000000.0,24.39,41.10,9.70,1480000000.0,15.88,6340000000.0,1.91,110.35,3110000000.0,2440000000.0,1.06,0.65,93.04,1520000.0,1.51,1.83,1480000.0,N/A
154,N/A,N/A,lly,N/A,N/A,N/A,N/A,N/A,192.38,47.12,9.28,30.59,19.71,28.88,10.71,74.52,31.22,274649999999.99997,287620000000.0,33.90,1.84,10.16,35.76,28320000000.0,21350000000.0,9730000000.0,5580000000.0,6.12,18.50,7.50,3910000000.0,4.34,17610000000.0,1.23,9.94,7260000000.0,5140000000.0,0.41,0.16,84.15,6590000.0,2.26,0.83,5360000.0,N/A
155,N/A,N/A,lm,N/A,N/A,N/A,N/A,N/A,,,,,,,,,,,,,,,,,,,,,,,,,,,,,,,,,,,,,N/A
156,N/A,N/A,lmt,N/A,N/A,N/A,N/A,N/A,119.56,19.21,1.81,10.63,9.42,11.67,9.62,74.31,242.56,116520000000.0,124590000000.0,17.18,4.29,1.86,13.14,67040000000.00001,9100000000.0,9010000000.0,6310000000.0,22.76,14.30,4.10,3600000000.0,13.23,13100000000.0,1.42,40.44,9220000000.0,4840000000.0,0.79,0.06,76.21,5150000.0,1.58,2.27,2910000.0,N/A
157,N/A,N/A,lrcx,N/A,N/A,N/A,N/A,N/A,77.12,17.75,4.93,12.26,27.78,31.60,20.36,76.64,116.43,79370000000.0,79030000000.0,14.62,1.07,4.78,13.91,16520000000.0,6810000000.0,5540000000.0,4590000000.0,32.08,37.50,22.30,5330000000.0,38.2,4990000000.0,3.13,46.17,4500000000.0,2980000000.0,1.26,0.22,85.37,1770000.0,1.3,1.27,1850000.0,N/A
158,N/A,N/A,m,N/A,N/A,N/A,N/A,N/A,188.51,5.85,0.33,2.15,5.65,9.23,8.27,46.32,82.44,7780000000.0,12890000000.0,6.41,0.91,0.51,4.34,25290000000.0,10340000000.0,2970000000.0,1430000000.0,4.55,364.40,26.90,1710000000.0,5.86,6830000000.0,1.25,12.39,2710000000.0,1520000000.0,1.96,0.25,86.85,29250000.0,1.76,13.62,30180000.0,N/A
159,N/A,N/A,ma,N/A,N/A,N/A,N/A,N/A,197.96,41.96,19.31,49.13,46.00,54.37,18.01,124.73,19.11,359270000000.0,365280000000.0,35.59,1.68,19.34,31.86,18880000000.0,18880000000.0,10990000000.0,8690000000.0,8.76,33.30,26.60,7890000000.0,8.08,14670000000.0,1.29,7.46,9460000000.0,8460000000.000001,1.09,10.86,77.72,5310000.0,1.16,0.62,5950000.0,N/A
160,N/A,N/A,mat,N/A,N/A,N/A,N/A,N/A,186.66,9.27,1.54,5.27,16.55,13.71,7.84,82.88,15.59,8260000000.0,10390000000.0,16.23,1.23,1.90,11.43,5460000000.0,2630000000.0,932700000.0,902990000.0,2.53,75.00,10.40,731360000.0,2.08,2930000000.0,1.80,4.47,485460000.0,243050000.0,1.47,0.56,99.70,24780000.0,7.56,9.78,22740000.0,N/A
161,N/A,N/A,mchp,N/A,N/A,N/A,N/A,N/A,136.19,46.79,7.00,7.64,14.95,25.15,6.21,17.36,11.74,44360000000.0,51940000000.0,15.27,1.05,8.06,20.06,6440000000.0,3380000000.0,2760000000.0,963600000.0,1.70,874.60,30.00,315500000.0,0.57,7900000000.0,1.81,10.44,2540000000.0,2040000000.0,1.56,2.00,90.96,10980000.0,1.89,2.26,10850000.0,N/A
162,N/A,N/A,mco,N/A,N/A,N/A,N/A,N/A,274.21,28.83,10.26,23.09,35.61,45.98,13.19,94.64,33.36,62960000000.0,69030000000.0,27.62,2.76,11.10,21.48,6220000000.0,4580000000.0,3120000000.0,2210000000.0,11.78,36.00,19.30,1900000000.0,10.27,274.21,1.61,14.69,1930000000.0,1930000000.0,1.21,0.28,93.83,3170000.0,2.83,1.97,2720000.0,N/A
163,N/A,N/A,mdlz,N/A,N/A,N/A,N/A,N/A,71.19,20.74,3.10,3.10,14.97,17.39,4.63,15.41,20.47,87550000000.0,103970000000.0,20.70,3.30,3.62,17.78,28720000000.0,11250000000.0,6110000000.0,4300000000.0,3.04,13.20,4.90,3570000000.0,2.57,20160000000.0,0.74,20.31,4139999999.9999995,2740000000.0,0.72,0.14,79.81,14230000.0,1.64,1.03,13900000.0,N/A
164,N/A,N/A,mdt,N/A,N/A,N/A,N/A,N/A,47.72,30.96,4.79,2.87,15.46,21.73,4.57,9.52,23.63,150760000000.0,164700000000.0,19.46,2.55,5.18,18.85,31790000000.0,19760000000.0,9610000000.0,4910000000.0,3.63,16.50,0.20,11220000000.0,8.36,25160000000.0,2.61,39.14,7030000000.0,4650000000.0,0.75,0.25,83.10,7380000.0,1.15,0.55,11480000.0,N/A
165,N/A,N/A,mmc,N/A,N/A,N/A,N/A,N/A,117.29,27.97,4.44,7.83,15.86,23.98,8.81,30.99,39.09,86200000000.0,97610000000.0,25.38,3.74,4.92,18.08,19820000000.0,8710000000.0,5500000000.0,3140000000.0,6.13,114.70,16.30,1750000000.0,3.48,13160000000.0,1.24,21.86,3520000000.0,3870000000.0,0.95,0.11,91.18,3640000.0,1.82,0.73,4550000.0,N/A
166,N/A,N/A,mmm,N/A,N/A,N/A,N/A,N/A,121.17,15.03,2.52,5.75,16.75,22.03,10.31,42.28,61.06,86560000000.0,100100000000.0,14.62,2.09,2.83,10.42,35360000000.0,16579999999.999998,9700000000.0,5920000000.0,10.12,4.70,0.30,4770000000.0,8.34,18320000000.0,1.71,26.31,7450000000.0,5040000000.0,0.97,0.13,68.80,10530000.0,2.44,1.85,10490000.0,N/A
167,N/A,N/A,mnst,N/A,N/A,N/A,N/A,N/A,0.34,32.13,7.98,6.66,24.86,32.53,16.09,23.49,10.48,43710000000.0,42810000000.0,28.99,3.35,7.73,23.17,5540000000.0,3110000000.0,1850000000.0,1380000000.0,2.57,31.90,19.10,3080000000.0,5.81,22380000.0,4.85,12.41,1160000000.0,877280000.0,1.15,28.73,65.09,3610000.0,1.02,0.96,4560000.0,N/A
168,N/A,N/A,mpc,N/A,N/A,N/A,N/A,N/A,80.12,41.16,0.44,1.77,8.08,3.12,2.75,8.00,189.99,46440000000.0,62500000000.0,18.08,15.65,0.52,8.39,120450000000.0,10440000000.0,7120000000.0,1290000000.0,15.26,171.60,96.70,10840000000.0,19.18,26900000000.0,1.70,45.26,4360000000.0,16420000000.000002,1.90,0.29,82.41,17320000.0,2.48,3.48,16880000.0,N/A
169,N/A,N/A,msft,N/A,N/A,N/A,N/A,N/A,50.22,33.59,12.92,14.78,38.50,42.52,15.25,49.05,24.58,33.59,33.59,29.07,2.16,12.46,24.27,184900000000.0,115860000000.0,90830000000.0,71180000000.0,9.39,21.40,20.10,125350000000.0,16.72,80350000000.0,2.25,21.33,83910000000.0,46480000000.0,0.91,0.06,71.90,36440000.0,1.04,0.49,35350000.0,N/A
170,N/A,N/A,myl,N/A,N/A,N/A,N/A,N/A,,,,,,,,,,,,,,,,,,,,,,,,,,,,,,,,,,,,,N/A
171,N/A,N/A,nbl,N/A,N/A,N/A,N/A,N/A,,,,,,,,,,,,,,,,,,,,,,,,,,,,,,,,,,,,,N/A
172,N/A,N/A,ndaq,N/A,N/A,N/A,N/A,N/A,97.63,25.72,5.19,4.66,20.17,27.57,5.33,18.49,35.48,29810000000.0,35430000000.0,23.58,3.01,6.02,18.38,5890000000.0,3420000000.0,1900000000.0,1190000000.0,7.05,15.10,0.30,439000000.0,2.67,6250000000.0,0.94,38.37,1080000000.0,991250000.0,0.91,18.65,78.28,2160000.0,2.24,1.88,3340000.0,N/A
173,N/A,N/A,nflx,N/A,N/A,N/A,N/A,N/A,114.31,34.86,6.01,10.98,17.23,20.86,9.23,38.02,67.01,173950000000.0,183320000000.0,35.34,1.82,6.17,9.63,29700000000.0,12370000000.0,6400000000.0,5120000000.0,11.24,12.00,16.00,6030000000.0,13.58,18120000000.0,0.95,35.70,392610000.0,15650000000.0,0.99,1.49,82.78,9670000.0,1.76,2.22,11520000.0,N/A
174,N/A,N/A,ni,N/A,N/A,N/A,N/A,N/A,137.12,24.75,2.68,2.36,11.94,21.43,2.84,8.98,12.45,12740000000.0,24010000000.0,21.64,2.87,4.90,13.43,4900000000.0,2069999999.9999998,1740000000.0,529799999.99999994,1.27,96.60,16.30,84200000.0,0.21,9970000000.0,0.70,13.32,1220000000.0,614690000.0,0.30,0.40,94.71,14160000.0,2.74,5.48,14620000.0,N/A
175,N/A,N/A,nsc,N/A,N/A,N/A,N/A,N/A,108.40,23.59,6.36,5.02,26.97,40.83,7.44,21.14,45.13,68489999999.99999,81910000000.0,20.53,2.38,7.35,14.36,11140000000.0,5730000000.0,5730000000.0,12.11,12.11,13.30,10.80,839000000.0,3.5,14790000000.0,0.86,56.80,4260000000.0,2470000000.0,1.38,0.14,76.35,2.34,2.34,1.67,3580000.0,N/A
176,N/A,N/A,ntap,N/A,N/A,N/A,N/A,N/A,334.69,19.89,3.26,22.24,16.34,19.41,8.26,148.82,27.80,19610000000.0,18360000000.0,15.27,0.99,2.97,11.87,6190000000.0,3810000000.0,1360000000.0,1010000000.0,4.42,38.50,9.80,4210000000.0,18.91,2950000000.0,1.55,3.95,1360000000.0,1090000000.0,1.22,0.25,94.25,6820000.0,3.24,4.80,10710000.0,N/A
177,N/A,N/A,ntri,N/A,N/A,N/A,N/A,N/A,,,,,,,,,,,,,,,,,,,,,,,,,,,,,,,,,,,,,N/A
178,N/A,N/A,nvda,N/A,N/A,N/A,N/A,N/A,44.46,74.43,26.99,27.03,36.23,37.31,17.20,44.83,10.78,719270000000.0,709740000000.0,51.28,3.79,26.37,62.53,26910000000.0,17480000000.0,11210000000.0,9750000000.0,3.85,106.10,52.80,21210000000.0,8.46,11830000000.0,6.65,10.62,9110000000.0,6470000000.0,1.41,4.06,66.13,24490000.0,0.49,1.02,26450000.0,N/A
179,N/A,N/A,nwsa,N/A,N/A,N/A,N/A,N/A,37.03,27.66,1.36,1.61,4.94,8.32,3.31,6.62,16.99,13530000000.0,14800000000.0,22.88,1.60,1.47,9.94,10050000000.0,4580000000.0,1270000000.0,496000000.0,0.83,1.70,12.60,2240000000.0,3.8,3460000000.0,1.42,14.19,1180000000.0,796000000.0,1.34,0.87,98.57,4280000.0,1.34,1.11,4860000.0,N/A
180,N/A,N/A,oke,N/A,N/A,N/A,N/A,N/A,231.12,21.27,1.93,5.28,9.07,15.55,6.88,24.88,37.05,31790000000.0,45370000000.0,17.64,2.06,2.74,13.59,16540000000.0,4280000000.0000005,3190000000.0,1500000000.0,3.35,23.20,110.90,146390000.0,0.33,13900000000.0,0.75,13.48,2550000000.0,1050000000.0,1.74,0.60,67.08,7370000.0,2.19,1.87,6470000.0,N/A
181,N/A,N/A,omc,N/A,N/A,N/A,N/A,N/A,170.09,13.29,1.31,5.49,9.85,14.78,4.71,38.14,66.68,17960000000.0,19290000000.0,13.68,4.74,1.35,8.03,14290000000.0,2700000000.0,2320000000.0,1410000000.0,6.53,4.50,2.60,5320000000.0,25.44,7010000000.0,0.98,15.64,1950000000.0,912080000.0,0.76,1.29,96.33,11810000.0,5.8,6.48,11990000.0,N/A
182,N/A,N/A,payx,N/A,N/A,N/A,N/A,N/A,28.63,37.65,11.10,15.33,29.53,38.81,11.48,42.57,12.02,47810000000.0,47690000000.0,35.09,3.20,11.01,24.91,4330000000.0,2790000000.0,1870000000.0,1280000000.0,3.52,21.90,12.70,1010000000.0,2.81,893100000.0,1.27,8.65,1380000000.0,1310000000.0,0.96,10.75,71.61,8930000.0,5.39,2.77,10050000.0,N/A
183,N/A,N/A,pcar,N/A,N/A,N/A,N/A,N/A,92.01,17.10,1.35,2.76,7.87,10.07,5.14,16.97,67.63,31620000000.0,37070000000.0,13.02,1.33,1.58,11.61,23520000000.0,3160000000.0,2670000000.0,1850000000.0,5.32,26.00,20.10,4810000000.0,13.85,10520000000.0,2.48,32.93,2190000000.0,678300000.0,0.94,1.74,64.89,3620000.0,1.89,1.19,2960000.0,N/A
184,N/A,N/A,pep,N/A,N/A,N/A,N/A,N/A,262.39,30.64,2.94,14.50,9.58,14.85,7.96,51.71,57.51,232650000000.0,267440000000.0,25.19,3.20,3.37,17.95,79470000000.0,42430000000.0,14370000000.0,7620000000.0,5.49,28.30,12.40,5990000000.0,4.33,42380000000.0,0.83,11.60,11620000000.0,5150000000.0,0.65,0.14,73.94,9320000.0,1.56,0.67,9280000.0,N/A
185,N/A,N/A,pfe,N/A,N/A,N/A,N/A,N/A,53.44,13.42,3.70,3.86,27.04,33.03,10.00,31.87,14.51,297860000000.0,303790000000.0,7.76,1.19,3.74,9.87,81290000000.0,50630000000.0,31950000000.0,22410000000.0,3.85,301.10,106.80,31070000000.0,5.53,41390000000.0,1.40,13.74,32580000000.0,30860000000.0,0.71,0.04,68.24,61180000.0,1.95,1.08,63260000.0,N/A
186,N/A,N/A,pg,N/A,N/A,N/A,N/A,N/A,79.42,27.42,5.09,8.52,18.52,23.46,9.51,31.09,32.17,372650000000.0,397610000000.0,24.33,4.53,5.08,18.99,78350000000.0,39140000000.0,21170000000.0,14230000000.0,5.65,9.60,6.10,11540000000.0,4.82,35650000000.0,0.67,18.26,17970000000.0,11720000000.0,0.45,0.11,66.07,13800000.0,1.66,0.58,12310000.0,N/A
187,N/A,N/A,ph,N/A,N/A,N/A,N/A,N/A,96.39,21.45,2.55,4.37,11.88,17.67,8.00,22.87,118.66,38260000000.0,46220000000.0,14.88,1.04,3.02,14.69,15290000000.0,3930000000.0,3290000000.0,1820000000.0,13.88,13.50,12.10,489990000.0,3.81,8449999999.999999,1.50,68.14,2230000000.0,676880000.0,1.67,0.36,83.15,1420000.0,1.74,1.11,4.12,N/A
188,N/A,N/A,pki,N/A,N/A,N/A,N/A,N/A,72.96,22.31,4.15,3.18,18.61,29.81,8.22,17.34,43.62,22740000000.0,27340000000.0,23.70,15.11,5.39,15.71,5070000000.0,2890000000.0,1870000000.0,943280000.0,8.08,50.00,0.70,618320000.0,4.9,5210000000.0,2.01,56.57,1410000000.0,1140000000.0,1.11,0.20,91.63,5960000.0,8.05,7.04,6680000.0,N/A
189,N/A,N/A,pld,N/A,N/A,N/A,N/A,N/A,48.12,41.80,26.46,3.65,56.93,39.15,2.21,8.50,6.98,121910000000.0,139580000000.0,69.44,6.76,29.33,27.10,5160000000.0,3920000000.0,3600000000.0,2930000000.0,3.94,343.00,21.60,556120000.0,0.75,18160000000.0,1.35,45.10,2990000000.0,2990000000.0,0.87,0.35,96.90,8970000.0,3.32,1.58,10300000.0,N/A
190,N/A,N/A,pnr,N/A,N/A,N/A,N/A,N/A,40.56,17.12,2.53,3.88,14.69,17.11,9.00,24.56,22.71,9390000000.0,10270000000.0,15.06,1.38,2.73,14.33,3760000000.0,1320000000.0,721800000.0,556000000.0,3.30,44.40,24.20,94500000.0,0.57,982300000.0,1.24,14.67,613200000.0,401180000.0,1.12,0.47,93.08,4980000.0,3.75,3.38,4430000.0,N/A
191,N/A,N/A,ppg,N/A,N/A,N/A,N/A,N/A,116.46,22.92,1.94,5.11,8.56,10.53,5.41,23.57,70.71,32090000000.000004,38480000000.0,18.55,2.08,2.29,15.41,16800000000.0,6560000000.0,2330000000.0,1420000000.0,6.01,5.10,11.50,1080000000.0,4.57,7470000000.0,1.42,26.65,1560000000.0,943630000.0,1.23,0.40,80.84,2290000.0,1.07,0.97,2100000.0,N/A
192,N/A,N/A,ppl,N/A,N/A,N/A,N/A,N/A,82.77,26.60,3.76,1.52,25.59,25.63,2.28,0.13,7.58,20910000000.0,28550000000.0,19.80,2.83,4.94,11.15,5780000000.0,2750000000.0,2600000000.0,18000000.0,1.94,53.80,8.30,3570000000.0,4.86,11360000000.0,2.15,18.67,2270000000.0,7500000000.0,0.79,0.13,67.49,11840000.0,1.34,1.83,15590000.0,N/A
193,N/A,N/A,psa,N/A,N/A,N/A,N/A,N/A,79.33,40.17,20.38,13.28,55.83,50.41,7.55,21.42,20.01,69520000000.0,80360000000.0,39.53,3.01,23.53,29.08,3500000000.0,2580000000.0,2480000000.0,1730000000.0,9.87,76.40,22.70,734600000.0,4.19,7480000000.0,0.77,29.89,2540000000.0,1730000000.0,0.26,13.64,80.21,1970000.0,2.58,1.44,2180000.0,N/A
194,N/A,N/A,pwr,N/A,N/A,N/A,N/A,N/A,78.22,40.26,1.51,3.75,3.74,4.87,3.72,10.40,92.17,19190000000.0,22960000000.0,21.23,1.61,1.77,20.63,12980000000.0,1950000000.0,1050000000.0,485960000.0,3.34,38.40,34.70,229100000.0,1.61,78.22,1.50,35.84,582390000.0,419310000.0,1.14,1.31,92.84,3720000.0,2.31,2.93,3560000.0,N/A
195,N/A,N/A,pxd,N/A,N/A,N/A,N/A,N/A,34.31,29.43,3.49,2.70,11.85,23.57,9.40,12.31,76.69,61550000000.0,64810000000.0,9.64,18.20,3.63,12.01,17870000000.0,9390000000.0,6720000000.0,2109999999.9999998,8.61,674.40,176.30,4040000000.0,16.63,7830000000.0,1.52,94.07,6060000000.0,2930000000.0,1.61,0.57,89.13,5770000.0,1.74,2.39,5870000.0,N/A
196,N/A,N/A,qcom,N/A,N/A,N/A,N/A,N/A,138.98,18.45,5.12,16.02,27.71,30.88,17.32,106.74,31.93,181530000000.0,185970000000.0,13.89,0.88,5.16,13.56,36040000000.0,19300000000.0,12750000000.0,9990000000.0,8.73,38.50,30.00,11310000000.0,10.03,15750000000.0,1.65,10.07,9420000000.0,8090000000.0,1.26,0.15,74.73,17240000.0,1.69,1.53,17300000.0,N/A
197,N/A,N/A,qep,N/A,N/A,N/A,N/A,N/A,,,,,,,,,,,,,,,,,,,,,,,,,,,,,,,,,,,,,N/A
198,N/A,N/A,rdc,N/A,N/A,N/A,N/A,N/A,,,,,,,,,,,,,,,,,,,,,,,,,,,,,,,,,,,,,N/A
199,N/A,N/A,rht,N/A,N/A,N/A,N/A,N/A,,,,,,,,,,,,,,,,,,,,,,,,,,,,,,,,,,,,,N/A
200,N/A,N/A,rl,N/A,N/A,N/A,N/A,N/A,126.29,18.39,1.53,3.21,8.38,13.58,6.23,18.53,81.15,8730000000.0,9180000000.0,13.28,0.29,1.53,9.41,5980000000.0,2890000000.0,1040000000.0,501600000.0,6.72,81.70,26.70,2990000000.0,20.99,3440000000.0,1.88,38.24,868000000.0,839540000.0,1.46,1.18,104.37,1710000.0,1.19,3.74,2470000.0,N/A
201,N/A,N/A,rok,N/A,N/A,N/A,N/A,N/A,159.31,33.24,4.58,13.22,13.81,16.38,7.89,42.42,62.85,33100000000.0,37030000000.0,26.67,3.13,5.08,26.19,7290000000.0,2900000000.0,1390000000.0,8.57,8.57,59.30,18.70,540600000.0,4.65,4470000000.0,1.08,21.56,902500000.0,696550000.0,1.43,0.15,81.71,2230000.0,2.82,1.92,2890000.0,N/A
202,N/A,N/A,rop,N/A,N/A,N/A,N/A,N/A,70.51,44.05,8.79,4.35,19.95,27.34,4.14,8.91,54.87,50330000000.0,57960000000.0,30.86,2.48,10.03,27.09,5780000000.0,3920000000.0,2210000000.0,982600000.0,10.83,12.50,13.20,351500000.0,3.33,8150000000.0,0.78,109.61,2009999999.9999998,1320000000.0,1.07,0.58,95.11,1090000.0,2.2,1.18,1050000.0,N/A
203,N/A,N/A,rost,N/A,N/A,N/A,N/A,N/A,138.48,19.62,1.79,8.32,9.11,12.33,11.06,46.87,53.82,33759999999.999996,34460000000.0,18.73,0.19,1.82,12.79,18920000000.0,5210000000.0,2690000000.0,1720000000.0,4.87,54.10,18.10,4920000000.0,14.1,5620000000.0,1.77,11.63,1740000000.0,951420000.0,1.08,2.00,88.99,5090000.0,1.51,1.71,4500000.0,N/A
204,N/A,N/A,rsg,N/A,N/A,N/A,N/A,N/A,110.05,33.08,3.78,4.71,11.43,18.73,5.46,14.80,35.43,42280000000.0,52090000000.0,28.82,3.56,4.61,16.49,11290000000.0,4650000000.0,3340000000.0,1290000000.0,4.04,33.00,14.80,29000000.0,0.09,9880000000.0,0.71,28.31,2790000000.0,1250000000.0,0.80,0.19,95.83,2320000.0,1.41,1.12,2560000.0,N/A
205,N/A,N/A,rsh,N/A,N/A,N/A,N/A,N/A,,,,,,,,,,,,,,,,,,,,,,,,,,,,,,,,,,,,,N/A
206,N/A,N/A,rtn,N/A,N/A,N/A,N/A,N/A,,,,,,,,,,,,,,,,,,,,,,,,,,,,,,,,,,,,,N/A
207,N/A,N/A,sai,N/A,N/A,N/A,N/A,N/A,,,,,,,,,,,,,,,,,,,,,,,,,,,,,,,,,,,,,N/A
208,N/A,N/A,scg,N/A,N/A,N/A,N/A,N/A,,,,,,,,,,,,,,,,,,,,,,,,,,,,,,,,,,,,,N/A
209,N/A,N/A,sfly,N/A,N/A,N/A,N/A,N/A,,,,,,,,,,,,,,,,,,,,,,,,,,,,,,,,,,,,,N/A
210,N/A,N/A,shld,N/A,N/A,N/A,N/A,N/A,,,,,,,,,,,,,,,,,,,,,,,,,,,,,,,,,,,,,N/A
211,N/A,N/A,shw,N/A,N/A,N/A,N/A,N/A,471.66,37.16,3.47,27.73,9.35,13.34,8.10,61.65,75.98,67569999999.99999,78900000000.0,27.47,3.67,3.96,25.00,19940000000.0,8539999999.999999,3230000000.0,1860000000.0,6.98,25.30,6.10,165700000.0,0.64,11500000000.0,0.88,9.38,2240000000.0,1470000000.0,1.17,8.35,79.32,2550000.0,1.55,1.07,2800000.0,N/A
212,N/A,N/A,sial,N/A,N/A,N/A,N/A,N/A,,,,,,,,,,,,,,,,,,,,,,,,,,,,,,,,,,,,,N/A
213,N/A,N/A,sjm,N/A,N/A,N/A,N/A,N/A,54.81,25.41,1.86,1.78,7.31,14.16,4.31,7.00,72.63,14690000000.0,18930000000.0,15.27,4.30,2.40,13.50,7890000000.0,3140000000.0,1580000000.0,576600000.0,5.30,73.30,0.90,284300000.0,2.62,4530000000.0,1.19,76.22,1030000000.0,557830000.0,0.31,4.37,86.18,6010000.0,5.8,6.52,6450000.0,N/A
214,N/A,N/A,slb,N/A,N/A,N/A,N/A,N/A,98.19,32.30,2.65,4.02,8.20,12.06,4.12,13.88,16.38,60240000000.0,71300000000.0,22.99,0.93,3.11,14.17,22930000000.0,3660000000.0,4470000000.0,1880000000.0,1.32,60.70,12.50,3140000000.0,2.24,15010000000.0,1.22,10.69,4650000000.0,2100000000.0,2.04,0.16,78.29,21070000.0,1.11,1.49,21570000.0,N/A
215,N/A,N/A,sna,N/A,N/A,N/A,N/A,N/A,30.00,14.12,2.52,2.69,17.83,24.75,10.69,20.90,85.38,11260000000.0,11730000000.0,14.29,1.82,2.55,9.42,4600000000.0,2380000000.0,1230000000.0,820500000.0,14.92,7.10,2.30,779900000.0,14.59,1260000000.0,3.11,78.27,966600000.0,459360000.0,1.20,1.64,91.24,4400000.0,11.14,9.53,4340000.0,N/A
216,N/A,N/A,sne,N/A,N/A,N/A,N/A,N/A,,,,,,,,,,,,,,,,,,,,,,,,,,,,,,,,,,,,,N/A
217,N/A,N/A,spg,N/A,N/A,N/A,N/A,N/A,586.90,20.19,8.87,13.67,43.98,47.14,4.40,63.75,15.57,45370000000.0,70710000000.0,25.45,2.92,13.82,14.59,5110000000.0,4139999999.9999995,3690000000.0,2250000000.0,6.84,85.10,17.30,533940000.00000006,1.62,25830000000.0,0.37,10.10,3640000000.0,1690000000.0,1.52,0.49,90.08,9640000.0,4.19,3.94,10030000.0,N/A
218,N/A,N/A,sre,N/A,N/A,N/A,N/A,N/A,93.33,41.13,4.02,2.07,10.24,21.65,2.51,5.58,41.24,52060000000.0,77060000000.0,19.42,3.01,5.99,23.55,12860000000.0,4710000000.0,4640000000.0,1250000000.0,4.01,33.40,21.20,559000000.0,1.77,25590000000.0,0.44,79.15,3840000000.0,315000000.0,0.62,0.06,88.25,4040000.0,2.2,1.28,4330000.0,N/A
219,N/A,N/A,sti,N/A,N/A,N/A,N/A,N/A,,,,,,,,,,,,,,,,,,,,,,,,,,,,,,,,,,,,,N/A
220,N/A,N/A,stx,N/A,N/A,N/A,N/A,N/A,115.21,11.87,1.81,38.97,15.35,17.25,14.06,242.48,52.64,20500000000.0,24830000000.0,9.63,1.02,2.07,9.79,11980000000.0,2920000000.0,2480000000.0,1840000000.0,7.93,78.90,18.80,1540000000.0,7.03,5870000000.0,1.49,2.40,1870000000.0,802880000.0,1.06,0.40,84.60,6470000.0,2.96,3.72,6660000.0,N/A
221,N/A,N/A,swy,N/A,N/A,N/A,N/A,N/A,,,,,,,,,,,,,,,,,,,,,,,,,,,,,,,,,,,,,N/A
222,N/A,N/A,syk,N/A,N/A,N/A,N/A,N/A,86.72,52.39,6.10,6.93,11.65,21.36,6.62,14.26,45.38,103100000000.0,112560000000.0,27.86,2.58,6.58,30.61,17110000000.0,11260000000.0,4650000000.0,1990000000.0,5.21,16.50,10.30,3020000000.0,12900000000.0,12900000000.0,2.20,39.41,3260000000.0,2650000000.0,0.99,7.10,76.39,4850000.0,3.12,1.38,4550000.0,N/A
223,N/A,N/A,symc,N/A,N/A,N/A,N/A,N/A,,,,,,,,,,,,,,,,,,,,,,,,,,,,,,,,,,,,,N/A
224,N/A,N/A,syy,N/A,N/A,N/A,N/A,N/A,944.61,54.67,0.70,34.53,1.29,3.38,5.84,57.83,118.68,42170000000.0,52640000000.0,19.38,0.59,0.87,18.89,60740000000.0,9360000000.0,2800000000.0,785470000.0,1.52,148.80,41.20,1370000000.0,2.71,11840000000.0,1.33,2.41,1340000000.0,493260000.0,1.27,0.10,83.51,13250000.0,4.6,2.61,11620000.0,N/A
225,N/A,N/A,tdc,N/A,N/A,N/A,N/A,N/A,126.96,38.97,2.98,11.52,7.67,12.52,6.88,34.19,17.65,5300000000.0,5280000000.0,27.17,3.54,2.75,14.39,1920000000.0,1200000000.0,383000000.0,147000000.0,1.30,560.00,3.30,592000000.0,5.58,584000000.0,1.07,4.29,463000000.0,402750000.0,1.04,1.18,104.25,11510000.0,13.38,14.63,12470000.0,N/A
226,N/A,N/A,tel,N/A,N/A,N/A,N/A,N/A,36.39,18.60,2.99,4.05,16.07,18.34,8.37,23.19,46.26,44580000000.0,47600000000.0,19.34,2.01,3.13,13.78,15220000000.0,4890000000.0,3570000000.0,2450000000.0,7.36,48.60,8.40,990000000.0,3.04,4050000000.0,1.70,33.78,2570000000.0,1400000000.0,1.35,0.21,93.95,3620000.0,1.76,1.11,4550000.0,N/A
227,N/A,N/A,ter,N/A,N/A,N/A,N/A,N/A,7.20,22.67,6.22,7.94,27.40,32.30,20.04,42.54,22.45,20360000000.0,19180000000.0,26.18,2.43,5.18,14.71,3700000000.0,2210000000.0,1320000000.0,1010000000.0,5.53,14.10,16.60,1370000000.0,8.41,184580000.0,3.20,15.79,1100000000.0,663340000.0,1.50,0.35,101.12,3740000.0,2.21,2.62,5780000.0,N/A
228,N/A,N/A,tgt,N/A,N/A,N/A,N/A,N/A,128.38,15.81,1.04,8.04,6.55,8.55,10.78,50.95,217.18,103090000000.0,113570000000.0,15.27,1.71,1.07,9.49,106000000000.0,31040000000.0,11700000000.0,6950000000.0,14.10,11.90,9.40,5930000000.0,12.82,16469999999.999998,0.99,27.22,8630000000.0,3890000000.0,1.06,0.18,83.92,14260000.0,2.94,3.09,9590000.0,N/A
229,N/A,N/A,thc,N/A,N/A,N/A,N/A,N/A,393.96,10.76,0.51,9.64,4.69,13.15,5.86,41.34,182.39,9910000000.0,23190000000.0,13.35,1.92,1.19,6.33,19480000000.0,7270000000.0,3420000000.0,915000000.0,8.42,39.90,1.20,2360000000.0,22.01,16770000000.0,1.38,9.59,1570000000.0,1560000000.0,2.45,1.33,96.00,4910000.0,4.21,7.39,4540000.0,N/A
230,N/A,N/A,tif,N/A,N/A,N/A,N/A,N/A,,,,,,,,,,,,,,,,,,,,,,,,,,,,,,,,,,,,,N/A
231,N/A,N/A,tjx,N/A,N/A,N/A,N/A,N/A,208.35,23.82,1.61,12.78,6.76,9.79,10.03,55.47,39.94,76710000000.0,82990000000.0,19.96,0.16,1.71,15.42,48550000000.0,13840000000.0,5620000000.0,3280000000.0,2.70,188.80,26.60,6230000000.0,5.17,12510000000.0,1.27,4.98,3060000000.0,1670000000.0,0.98,0.07,91.99,8500000.0,1.04,0.71,7800000.0,N/A
232,N/A,N/A,tmk,N/A,N/A,N/A,N/A,N/A,,,,,,,,,,,,,,,,,,,,,,,,,,,,,,,,,,,,,N/A
233,N/A,N/A,tmo,N/A,N/A,N/A,N/A,N/A,88.68,30.47,6.00,5.69,19.70,26.08,7.79,20.47,99.52,231930000000.0,262320000000.0,26.39,7.30,6.69,21.92,39210000000.0,19640000000.0,12820000000.0,7730000000.0,19.46,33.60,1.40,4480000000.0,11.44,36340000000.0,1.50,103.42,9310000000.0,5490000000.0,0.82,0.22,90.67,2690000.0,1.72,0.69,2590000.0,N/A
234,N/A,N/A,trow,N/A,N/A,N/A,N/A,N/A,3.54,11.81,4.62,3.91,40.18,48.77,20.19,31.74,33.86,35310000000.0,34040000000.0,11.93,3.13,4.44,8.69,7670000000.0,4680000000.0,3950000000.0,13.12,13.12,5.50,13.20,1520000000.0,6.68,362700000.0,1.57,39.37,3450000000.0,2750000000.0,1.29,1.92,73.84,11490000.0,6.6,5.13,10960000.0,N/A
235,N/A,N/A,tsla,N/A,N/A,N/A,N/A,N/A,28.19,224.40,23.06,37.64,10.25,12.12,7.14,20.43,54.59,778580000000.0,773490000000.0,111.11,3.25,20.95,117.15,53820000000.0,13610000000.0,9330000000.0,5520000000.0,4.90,759.60,64.90,17710000000.0,17.13,8900000000.0,1.38,29.23,11500000000.0,4630000000.0,2.05,18.38,42.68,25150000.0,1.02,2.97,24330000.0,N/A
236,N/A,N/A,tsn,N/A,N/A,N/A,N/A,N/A,50.50,8.77,0.65,1.75,7.47,11.12,9.52,21.64,136.52,32189999999.999996,38600000000.0,10.96,2.98,0.78,5.97,49520000000.0,6860000000.0,6700000000.0,3700000000.0,10.13,140.00,23.60,2960000000.0,8.15,9360000000.0,1.68,50.77,3890000000.0,2780000000.0,0.78,2.15,85.29,6690000.0,2.07,2.61,3820000.0,N/A
237,N/A,N/A,tso,N/A,N/A,N/A,N/A,N/A,,,,,,,,,,,,,,,,,,,,,,,,,,,,,,,,,,,,,N/A
238,N/A,N/A,tss,N/A,N/A,N/A,N/A,N/A,,,,,,,,,,,,,,,,,,,,,,,,,,,,,,,,,,,,,N/A
239,N/A,N/A,txn,N/A,N/A,N/A,N/A,N/A,61.55,23.12,9.75,13.22,42.35,49.18,25.62,69.00,19.87,176280000000.0,174660000000.0,20.79,2.51,9.52,17.37,18340000000.0,12380000000.0,9920000000.0,7740000000.0,8.26,26.70,18.50,9740000000.0,10.55,8210000000.000001,5.33,14.43,8760000000.0,4190000000.0000005,0.93,0.20,86.25,14410000.0,2.38,1.56,16030000.000000002,N/A
240,N/A,N/A,txt,N/A,N/A,N/A,N/A,N/A,60.87,23.03,1.39,2.41,6.02,7.11,3.52,11.80,55.25,16440000000.000002,18090000000.0,17.15,1.07,1.46,12.88,12380000000.0,1940000000.0,1270000000.0,747000000.0,3.30,12.30,9.40,1920000000.0,8.87,4150000000.0000005,2.37,31.42,1600000000.0,1300000000.0,1.72,0.33,87.42,5320000.0,4.06,3.37,4870000.0,N/A
241,N/A,N/A,unh,N/A,N/A,N/A,N/A,N/A,65.74,28.25,1.71,6.70,6.01,8.34,7.32,24.12,304.98,480550000000.0,502640000000.0,23.70,1.86,1.76,18.57,287600000000.0,69650000000.0,26150000000.0,17280000000.0,18.08,84.00,12.60,23910000000.0,25.41,50280000000.0,0.73,76.26,22340000000.0,18380000000.0,0.87,0.55,89.50,6620000.0,2.06,0.71,5800000.0,N/A
242,N/A,N/A,unp,N/A,N/A,N/A,N/A,N/A,222.36,27.50,8.22,12.31,29.92,42.94,9.29,41.92,33.35,174260000000.0,204740000000.0,23.58,2.61,9.39,17.29,21800000000.0,12750000000.0,11570000000.0,6520000000.0,9.95,24.00,11.50,1010000000.0,1.58,31490000000.0,0.62,22.17,9030000000.0,4760000000.0,1.17,0.23,81.01,9880000.0,2.36,1.55,7130000.0,N/A
243,N/A,N/A,urbn,N/A,N/A,N/A,N/A,N/A,68.02,8.58,0.59,1.48,6.83,8.98,6.96,19.27,46.40,2590000000.0,3330000000.0,9.51,0.05,0.73,6.48,4550000000.0,1490000000.0,514240000.0,310620000.0,3.13,43.30,22.40,446000000.0,4.62,1190000000.0,1.31,18.10,359320000.0,31320000.0,1.53,39.74,72.55,9460000.0,4.11,13.55,8160000.0,N/A
244,N/A,N/A,utx,N/A,N/A,N/A,N/A,N/A,,,,,,,,,,,,,,,,,,,,,,,,,,,,,,,,,,,,,N/A
245,N/A,N/A,v,N/A,N/A,N/A,N/A,N/A,57.80,37.77,19.50,14.42,51.59,66.45,13.03,35.58,12.01,494000000000.0,502000000000.0,31.95,1.68,19.70,27.09,25480000000.0,23380000000.0,17740000000.0,12840000000.0,6.04,26.60,24.10,15920000000.0,7.59,20920000000.0,1.39,15.82,15950000000.0,12080000000.0,0.92,0.14,96.00,27480000.0,2.99,1.66,26550000.0,N/A
246,N/A,N/A,var,N/A,N/A,N/A,N/A,N/A,,,,,,,,,,,,,,,,,,,,,,,,,,,,,,,,,,,,,N/A
247,N/A,N/A,vfc,N/A,N/A,N/A,N/A,N/A,173.71,19.55,2.02,6.35,12.03,13.79,7.33,35.27,29.66,23190000000.0,28200000000.0,16.21,0.50,2.43,15.26,11600000000.0,4910000000.0,1860000000.0,1200000000.0,3.55,49.10,22.00,1330000000.0,3.43,6350000000.0,1.43,9.40,968550000.0,1500000000.0,1.51,5.43,88.37,13440000.0,3.87,3.86,13100000.0,N/A
248,N/A,N/A,viab,N/A,N/A,N/A,N/A,N/A,,,,,,,,,,,,,,,,,,,,,,,,,,,,,,,,,,,,,N/A
249,N/A,N/A,vmc,N/A,N/A,N/A,N/A,N/A,71.07,37.89,4.60,3.88,12.08,16.98,4.64,10.70,41.81,25430000000.0,29710000000.0,30.77,1.27,5.35,19.99,5550000000.0,1370000000.0,1410000000.0,674100000.0,5.03,20.40,36.70,235000000.0,1.77,4670000000.0,2.20,49.32,1010000000.0,358850000.0,0.70,0.21,90.89,1580000.0,1.72,1.34,1470000.0,N/A
250,N/A,N/A,vprt,N/A,N/A,N/A,N/A,N/A,,,,,,,,,,,,,,,,,,,,,,,,,,,,,,,,,,,,,N/A
251,N/A,N/A,vz,N/A,N/A,N/A,N/A,N/A,215.07,9.63,1.59,2.63,16.51,21.78,5.32,29.67,32.21,215250000000.0,390260000000.0,9.43,3.34,2.92,7.95,133610000000.00002,77310000000.0,45300000000.0,22070000000.0,5.32,0.50,1.80,2920000000.0,0.7,178940000000.0,0.78,19.48,39540000000.0,30750000000.0,0.38,0.02,65.39,45660000.0,1.97,1.09,54430000.0,N/A
252,N/A,N/A,wat,N/A,N/A,N/A,N/A,N/A,437.15,29.26,7.28,53.81,24.87,29.68,17.41,231.06,45.24,19780000000.0,20810000000.0,27.40,3.01,7.47,21.17,2790000000.0,1630000000.0,958430000.0,692840000.0,11.17,0.90,6.30,569280000.0,9.41,1610000000.0,2.39,6.05,747270000.0,405570000.0,0.90,0.63,92.36,5.9,5.9,3.74,2230000.0,N/A
253,N/A,N/A,wdc,N/A,N/A,N/A,N/A,N/A,64.00,8.13,0.86,1.35,10.52,12.52,5.75,18.25,61.40,16239999999.999998,21010000000.0,5.49,0.34,1.11,6.00,18940000000.0,4450000000.0,3360000000.0,1990000000.0,6.35,809.70,22.60,2530000000.0,8.09,7690000000.0,1.93,38.40,2300000000.0,1130000000.0,1.59,0.20,83.47,6830000.0,1.89,2.44,6750000.0,N/A
254,N/A,N/A,wec,N/A,N/A,N/A,N/A,N/A,140.58,24.13,3.77,2.87,15.64,21.49,2.94,11.91,26.37,31280000000.0,46890000000.0,22.99,3.36,5.64,15.40,8320000000.0,2860000000.0,2860000000.0,1300000000.0,4.11,6.20,13.90,16300000.0,0.05,15620000000.0,0.71,34.60,2029999999.9999998,818950000.0,0.27,0.12,74.70,2450000.0,1.34,0.89,2650000.0,N/A
255,N/A,N/A,win,N/A,N/A,N/A,N/A,N/A,,,,,,,,,,,,,,,,,,,,,,,,,,,,,,,,,,,,,N/A
256,N/A,N/A,wm,N/A,N/A,N/A,N/A,N/A,195.45,36.77,3.72,9.18,10.13,16.49,6.32,24.92,42.65,65400000000.00001,78690000000.0,28.99,2.70,4.39,16.70,17930000000.0,6820000000.0,4960000000.0,1820000000.0,4.29,15.50,15.00,118000000.0,0.28,13930000000.0,0.75,17.12,4340000000.0,2230000000.0,0.86,0.16,84.03,4580000.0,2.06,1.11,5160000.0,N/A
257,N/A,N/A,wmb,N/A,N/A,N/A,N/A,N/A,169.06,26.97,3.83,3.57,14.08,24.51,3.60,10.89,8.87,40710000000.0,62760000000.0,24.51,2.33,5.91,12.32,10780000000.0,5200000000.0,4480000000.0,1510000000.0,1.24,436.20,41.60,1680000000.0,1.38,23840000000.0,0.92,9.37,3940000000.0,1530000000.0,1.29,0.29,87.74,19250000.0,1.87,1.58,26660000.0,N/A
258,N/A,N/A,wpx,N/A,N/A,N/A,N/A,N/A,,,,,,,,,,,,,,,,,,,,,,,,,,,,,,,,,,,,,N/A
259,N/A,N/A,wu,N/A,N/A,N/A,N/A,N/A,903.09,9.85,1.56,21.47,15.89,21.95,7.60,297.23,12.47,7630000000.0,9430000000.0,9.90,2.63,1.86,7.55,5070000000.0,2170000000.0,1320000000.0,805800000.0,1.97,4.70,1.00,1210000000.0,3.07,3210000000.0,0.53,0.90,1050000000.0,899090000.0,0.91,0.71,104.45,39360000.0,6.51,13.35,39100000.0,N/A
260,N/A,N/A,xel,N/A,N/A,N/A,N/A,N/A,158.90,24.27,2.89,2.50,11.89,15.98,2.40,10.58,24.92,39090000000.0,63660000000.0,22.78,3.54,4.74,13.93,13430000000.0,5210000000.0,4400000000.0,1600000000.0,2.96,9.40,13.80,212000000.0,0.39,24810000000.0,0.84,28.70,2190000000.0,1830000000.0,0.35,0.25,77.49,5030000.0,1.29,0.93,5120000.0,N/A
261,N/A,N/A,xlnx,N/A,N/A,N/A,N/A,N/A,,,,,,,,,,,,,,,,,,,,,,,,,,,,,,,,,,,,,N/A
262,N/A,N/A,xray,N/A,N/A,N/A,N/A,N/A,45.59,26.04,2.58,2.15,9.90,15.06,4.31,8.41,19.46,10820000000.0,12770000000.0,15.95,18.91,3.00,13.30,4250000000.0,2360000000.0,986000000.0,421000000.0,1.91,3.00,0.60,366000000.0,1.68,2300000000.0,1.55,23.19,657000000.0,451620000.0,0.89,0.37,98.38,3420000.0,1.18,1.77,3560000.0,N/A
263,N/A,N/A,xyl,N/A,N/A,N/A,N/A,N/A,85.31,37.99,3.12,4.99,8.22,11.20,4.27,13.77,28.82,16059999999.999998,17220000000.0,34.36,2.51,3.31,20.70,5190000000.0,1980000000.0,827000000.0,427000000.0,2.35,23.60,3.60,1350000000.0,7.5,2750000000.0,2.27,17.84,538000000.0,252250000.0,1.13,0.94,91.22,4260000.0,2.94,3.01,4190000.0000000005,N/A
264,N/A,N/A,zmh,N/A,N/A,N/A,N/A,N/A,,,,,,,,,,,,,,,,,,,,,,,,,,,,,,,,,,,,,N/A
